,time,precipitation
0,2016-01-01,0.2753448
1,2016-01-02,0.32116476
2,2016-01-03,0.28980085
3,2016-01-04,0.25967473
4,2016-01-05,0.4667846
5,2016-01-06,0.18246205
6,2016-01-07,0.26859176
7,2016-01-08,0.5672002
8,2016-01-09,0.71785307
9,2016-01-10,0.4320944
10,2016-01-11,0.58513784
11,2016-01-12,0.5106841
12,2016-01-13,0.3749741
13,2016-01-14,0.58285856
14,2016-01-15,0.44956788
15,2016-01-16,0.43383008
16,2016-01-17,0.4438285
17,2016-01-18,0.31871736
18,2016-01-19,0.376747
19,2016-01-20,0.65729934
20,2016-01-21,0.61551553
21,2016-01-22,0.3381218
22,2016-01-23,0.24208678
23,2016-01-24,0.1639209
24,2016-01-25,0.16111638
25,2016-01-26,0.19621052
26,2016-01-27,0.29398486
27,2016-01-28,0.63502264
28,2016-01-29,0.72063786
29,2016-01-30,0.463526
30,2016-01-31,0.36954558
31,2016-02-01,0.29433155
32,2016-02-02,0.67464066
33,2016-02-03,1.0425878
34,2016-02-04,0.57903063
35,2016-02-05,0.2732417
36,2016-02-06,0.71423095
37,2016-02-07,0.30300978
38,2016-02-08,0.18649553
39,2016-02-09,0.41073573
40,2016-02-10,0.6529879
41,2016-02-11,0.42063466
42,2016-02-12,0.39852643
43,2016-02-13,0.5677054
44,2016-02-14,0.48459306
45,2016-02-15,1.0774653
46,2016-02-16,0.89370215
47,2016-02-17,0.62067264
48,2016-02-18,0.23223132
49,2016-02-19,0.31687766
50,2016-02-20,0.6485142
51,2016-02-21,0.6671187
52,2016-02-22,0.37045383
53,2016-02-23,1.2354673
54,2016-02-24,0.66208255
55,2016-02-25,0.22792189
56,2016-02-26,0.28304258
57,2016-02-27,0.39107543
58,2016-02-28,0.49007222
59,2016-02-29,1.2698799
60,2016-03-01,1.3632337
61,2016-03-02,0.8921904
62,2016-03-03,0.3826503
63,2016-03-04,0.36697182
64,2016-03-05,0.31676936
65,2016-03-06,0.57955027
66,2016-03-07,0.41138366
67,2016-03-08,0.5346449
68,2016-03-09,0.51730025
69,2016-03-10,0.7000511
70,2016-03-11,0.6830103
71,2016-03-12,0.6817564
72,2016-03-13,0.3207086
73,2016-03-14,0.19787917
74,2016-03-15,0.23935658
75,2016-03-16,0.2655945
76,2016-03-17,0.71873844
77,2016-03-18,1.1807094
78,2016-03-19,1.4175531
79,2016-03-20,0.6052429
80,2016-03-21,0.621927
81,2016-03-22,0.87599844
82,2016-03-23,0.57552946
83,2016-03-24,0.67324054
84,2016-03-25,0.57342905
85,2016-03-26,0.63588
86,2016-03-27,0.5454828
87,2016-03-28,0.7339164
88,2016-03-29,0.57746
89,2016-03-30,0.6370663
90,2016-03-31,0.9295451
91,2016-04-01,0.5940285
92,2016-04-02,0.7456723
93,2016-04-03,0.8865819
94,2016-04-04,0.67581
95,2016-04-05,0.981374
96,2016-04-06,0.9658771
97,2016-04-07,0.8880152
98,2016-04-08,0.5432829
99,2016-04-09,0.75597256
100,2016-04-10,0.6164575
101,2016-04-11,0.6267434
102,2016-04-12,0.60149515
103,2016-04-13,0.43191114
104,2016-04-14,0.5287891
105,2016-04-15,0.1939924
106,2016-04-16,0.4071889
107,2016-04-17,0.73757714
108,2016-04-18,0.84671706
109,2016-04-19,0.35612443
110,2016-04-20,0.3419612
111,2016-04-21,0.1909964
112,2016-04-22,0.34321296
113,2016-04-23,0.14383247
114,2016-04-24,0.79618424
115,2016-04-25,0.6624939
116,2016-04-26,0.44589376
117,2016-04-27,0.40626895
118,2016-04-28,0.6422215
119,2016-04-29,0.43852994
120,2016-04-30,0.36395657
121,2016-05-01,0.39157873
122,2016-05-02,0.51070994
123,2016-05-03,0.49762708
124,2016-05-04,0.8828264
125,2016-05-05,0.66121906
126,2016-05-06,0.6441699
127,2016-05-07,0.65857923
128,2016-05-08,0.45127958
129,2016-05-09,0.4321526
130,2016-05-10,0.27443916
131,2016-05-11,0.520792
132,2016-05-12,0.57103497
133,2016-05-13,0.58660835
134,2016-05-14,0.23207033
135,2016-05-15,0.14359939
136,2016-05-16,0.199551
137,2016-05-17,0.50077504
138,2016-05-18,0.6776018
139,2016-05-19,0.585153
140,2016-05-20,0.42673478
141,2016-05-21,1.1646544
142,2016-05-22,0.8641162
143,2016-05-23,0.5460994
144,2016-05-24,1.0056701
145,2016-05-25,1.0742056
146,2016-05-26,0.6193814
147,2016-05-27,0.3355381
148,2016-05-28,0.48419115
149,2016-05-29,0.4153024
150,2016-05-30,0.35155958
151,2016-05-31,0.20950107
152,2016-06-01,0.43869147
153,2016-06-02,0.715189
154,2016-06-03,0.5398279
155,2016-06-04,0.34256893
156,2016-06-05,0.6842635
157,2016-06-06,0.575953
158,2016-06-07,0.2398256
159,2016-06-08,0.91582155
160,2016-06-09,0.9366853
161,2016-06-10,0.5801012
162,2016-06-11,0.43327495
163,2016-06-12,0.30389833
164,2016-06-13,0.5419718
165,2016-06-14,0.3832795
166,2016-06-15,0.42374757
167,2016-06-16,0.6298654
168,2016-06-17,0.7902495
169,2016-06-18,0.43394077
170,2016-06-19,0.35174033
171,2016-06-20,0.28434256
172,2016-06-21,0.3263629
173,2016-06-22,0.8440807
174,2016-06-23,0.94419986
175,2016-06-24,0.91318023
176,2016-06-25,0.47391772
177,2016-06-26,0.2055174
178,2016-06-27,0.13790125
179,2016-06-28,0.16062132
180,2016-06-29,0.18354777
181,2016-06-30,0.44180673
182,2016-07-01,0.42989585
183,2016-07-02,0.42170513
184,2016-07-03,0.34112108
185,2016-07-04,0.3993995
186,2016-07-05,0.15363076
187,2016-07-06,0.33738303
188,2016-07-07,0.31709883
189,2016-07-08,0.23811859
190,2016-07-09,0.2627081
191,2016-07-10,0.21214871
192,2016-07-11,0.5723825
193,2016-07-12,0.7861875
194,2016-07-13,0.8178888
195,2016-07-14,0.69161206
196,2016-07-15,0.82820153
197,2016-07-16,0.99312294
198,2016-07-17,0.7448506
199,2016-07-18,0.4524973
200,2016-07-19,0.39610723
201,2016-07-20,0.37819645
202,2016-07-21,0.32973817
203,2016-07-22,0.38256672
204,2016-07-23,0.43128172
205,2016-07-24,0.617992
206,2016-07-25,0.68745804
207,2016-07-26,0.8081016
208,2016-07-27,0.5569586
209,2016-07-28,0.28650886
210,2016-07-29,0.25538647
211,2016-07-30,1.1968967
212,2016-07-31,0.6141385
213,2016-08-01,0.2336626
214,2016-08-02,0.23754162
215,2016-08-03,0.18357229
216,2016-08-04,0.17992826
217,2016-08-05,0.23451942
218,2016-08-06,0.49208692
219,2016-08-07,0.251374
220,2016-08-08,0.23592393
221,2016-08-09,0.23230627
222,2016-08-10,0.32201687
223,2016-08-11,0.33429992
224,2016-08-12,0.35905597
225,2016-08-13,0.14057058
226,2016-08-14,0.2368203
227,2016-08-15,0.38377222
228,2016-08-16,0.28820565
229,2016-08-17,0.20463198
230,2016-08-18,0.17913792
231,2016-08-19,0.15041877
232,2016-08-20,0.34801227
233,2016-08-21,0.43989846
234,2016-08-22,0.3078568
235,2016-08-23,0.23427062
236,2016-08-24,0.31285146
237,2016-08-25,0.22931549
238,2016-08-26,0.3349076
239,2016-08-27,0.41824022
240,2016-08-28,0.375623
241,2016-08-29,0.43080813
242,2016-08-30,0.45230755
243,2016-08-31,0.6491028
244,2016-09-01,0.7066911
245,2016-09-02,0.3518249
246,2016-09-03,0.6849767
247,2016-09-04,0.54265296
248,2016-09-05,0.23355888
249,2016-09-06,0.36165705
250,2016-09-07,0.6683458
251,2016-09-08,0.4945411
252,2016-09-09,0.22716808
253,2016-09-10,0.26586157
254,2016-09-11,0.24777234
255,2016-09-12,0.29847202
256,2016-09-13,0.42003274
257,2016-09-14,0.16750926
258,2016-09-15,0.14989987
259,2016-09-16,0.22938526
260,2016-09-17,0.2514518
261,2016-09-18,0.11849889
262,2016-09-19,0.18364713
263,2016-09-20,0.24600835
264,2016-09-21,0.2803743
265,2016-09-22,0.19876765
266,2016-09-23,0.2001826
267,2016-09-24,0.12029782
268,2016-09-25,0.40164298
269,2016-09-26,0.40999305
270,2016-09-27,0.33868566
271,2016-09-28,0.5975865
272,2016-09-29,0.26917386
273,2016-09-30,0.27658683
274,2016-10-01,0.5317035
275,2016-10-02,0.38658172
276,2016-10-03,0.6427343
277,2016-10-04,0.9545131
278,2016-10-05,0.6882304
279,2016-10-06,0.55849266
280,2016-10-07,0.79097867
281,2016-10-08,0.58272535
282,2016-10-09,0.43674627
283,2016-10-10,0.5645688
284,2016-10-11,0.5471933
285,2016-10-12,0.33249643
286,2016-10-13,0.59040076
287,2016-10-14,0.850923
288,2016-10-15,0.575425
289,2016-10-16,0.8017707
290,2016-10-17,0.7597557
291,2016-10-18,1.0535624
292,2016-10-19,0.5766034
293,2016-10-20,0.2085997
294,2016-10-21,0.4576437
295,2016-10-22,0.76137865
296,2016-10-23,0.8052986
297,2016-10-24,0.4138213
298,2016-10-25,0.27810463
299,2016-10-26,0.3162177
300,2016-10-27,0.44413328
301,2016-10-28,0.53820175
302,2016-10-29,0.31814682
303,2016-10-30,0.6438056
304,2016-10-31,0.751144
305,2016-11-01,0.32544988
306,2016-11-02,0.4281839
307,2016-11-03,0.37308937
308,2016-11-04,0.4833782
309,2016-11-05,0.45706004
310,2016-11-06,0.6390839
311,2016-11-07,0.5579086
312,2016-11-08,0.35342136
313,2016-11-09,0.369231
314,2016-11-10,0.486912
315,2016-11-11,0.3924496
316,2016-11-12,0.2490737
317,2016-11-13,0.41851276
318,2016-11-14,0.319424
319,2016-11-15,0.40273124
320,2016-11-16,0.3957143
321,2016-11-17,0.5404338
322,2016-11-18,0.5805483
323,2016-11-19,0.46415964
324,2016-11-20,0.55996364
325,2016-11-21,0.5401626
326,2016-11-22,1.1608589
327,2016-11-23,0.757789
328,2016-11-24,0.3274059
329,2016-11-25,0.22595203
330,2016-11-26,0.42962492
331,2016-11-27,0.43812045
332,2016-11-28,0.40975308
333,2016-11-29,0.5560533
334,2016-11-30,0.22430257
335,2016-12-01,0.09318586
336,2016-12-02,0.17329991
337,2016-12-03,0.31101134
338,2016-12-04,0.13082582
339,2016-12-05,0.16526717
340,2016-12-06,0.12948173
341,2016-12-07,0.26027426
342,2016-12-08,0.25641727
343,2016-12-09,0.26868948
344,2016-12-10,0.35784042
345,2016-12-11,0.19062644
346,2016-12-12,0.23781464
347,2016-12-13,0.34332386
348,2016-12-14,0.493757
349,2016-12-15,0.39901546
350,2016-12-16,0.19411273
351,2016-12-17,0.15576103
352,2016-12-18,0.20463139
353,2016-12-19,0.41218576
354,2016-12-20,0.32000595
355,2016-12-21,0.120409966
356,2016-12-22,0.30799726
357,2016-12-23,0.16026609
358,2016-12-24,0.121394366
359,2016-12-25,0.27053306
360,2016-12-26,0.23782842
361,2016-12-27,0.27086258
362,2016-12-28,0.34324223
363,2016-12-29,0.18377946
364,2016-12-30,0.09255798
365,2016-12-31,0.23033859
366,2017-01-01,0.35170057
367,2017-01-02,0.43097618
368,2017-01-03,0.5814451
369,2017-01-04,0.34941268
370,2017-01-05,0.16444567
371,2017-01-06,0.21612985
372,2017-01-07,0.31604636
373,2017-01-08,0.32016635
374,2017-01-09,0.33583096
375,2017-01-10,0.24414994
376,2017-01-11,0.32647032
377,2017-01-12,0.35202783
378,2017-01-13,0.8972876
379,2017-01-14,0.35414052
380,2017-01-15,0.23724797
381,2017-01-16,0.3396729
382,2017-01-17,0.3027851
383,2017-01-18,0.1645545
384,2017-01-19,0.27591476
385,2017-01-20,0.7433348
386,2017-01-21,0.8976125
387,2017-01-22,0.52256733
388,2017-01-23,0.3267532
389,2017-01-24,0.8634614
390,2017-01-25,0.89281654
391,2017-01-26,0.8461899
392,2017-01-27,0.8632904
393,2017-01-28,0.61078656
394,2017-01-29,0.407623
395,2017-01-30,0.3447407
396,2017-01-31,0.64504063
397,2017-02-01,0.55665886
398,2017-02-02,0.29732928
399,2017-02-03,0.35343254
400,2017-02-04,0.3137998
401,2017-02-05,0.24869134
402,2017-02-06,0.5124191
403,2017-02-07,0.43146828
404,2017-02-08,0.4772521
405,2017-02-09,0.5263258
406,2017-02-10,0.43479416
407,2017-02-11,0.3799273
408,2017-02-12,0.47394648
409,2017-02-13,0.8287771
410,2017-02-14,0.9049142
411,2017-02-15,0.5827224
412,2017-02-16,0.7599136
413,2017-02-17,0.8473016
414,2017-02-18,0.5026492
415,2017-02-19,0.500832
416,2017-02-20,0.49954826
417,2017-02-21,0.64412355
418,2017-02-22,0.9022037
419,2017-02-23,0.6391909
420,2017-02-24,0.54003304
421,2017-02-25,0.77356046
422,2017-02-26,0.33504137
423,2017-02-27,0.3555469
424,2017-02-28,0.82907426
425,2017-03-01,0.6275357
426,2017-03-02,0.4533808
427,2017-03-03,0.4519487
428,2017-03-04,0.74814844
429,2017-03-05,0.7248054
430,2017-03-06,0.83142793
431,2017-03-07,0.42462817
432,2017-03-08,0.40661788
433,2017-03-09,0.25461856
434,2017-03-10,0.2414431
435,2017-03-11,0.16163607
436,2017-03-12,0.30994102
437,2017-03-13,0.6667007
438,2017-03-14,0.5415826
439,2017-03-15,0.7285136
440,2017-03-16,0.97367996
441,2017-03-17,0.57909435
442,2017-03-18,0.6259301
443,2017-03-19,0.6940272
444,2017-03-20,0.69815683
445,2017-03-21,0.79583454
446,2017-03-22,0.5537456
447,2017-03-23,0.28683388
448,2017-03-24,0.4018372
449,2017-03-25,0.6621265
450,2017-03-26,0.48576453
451,2017-03-27,1.1276833
452,2017-03-28,1.274601
453,2017-03-29,0.40880212
454,2017-03-30,0.7792524
455,2017-03-31,0.81448585
456,2017-04-01,0.42225766
457,2017-04-02,0.856704
458,2017-04-03,1.1334955
459,2017-04-04,0.75687265
460,2017-04-05,0.50369155
461,2017-04-06,0.56175756
462,2017-04-07,0.6145386
463,2017-04-08,0.6985949
464,2017-04-09,0.56037986
465,2017-04-10,0.39670876
466,2017-04-11,0.441589
467,2017-04-12,0.52796906
468,2017-04-13,0.67319405
469,2017-04-14,0.42099452
470,2017-04-15,0.7880165
471,2017-04-16,0.58718616
472,2017-04-17,0.662745
473,2017-04-18,0.46011445
474,2017-04-19,0.3768106
475,2017-04-20,0.28558454
476,2017-04-21,0.3768942
477,2017-04-22,0.4815447
478,2017-04-23,0.40604925
479,2017-04-24,0.4834331
480,2017-04-25,0.33756894
481,2017-04-26,0.8527839
482,2017-04-27,0.54917413
483,2017-04-28,0.45315853
484,2017-04-29,0.5124215
485,2017-04-30,0.53314507
486,2017-05-01,0.8993951
487,2017-05-02,0.8499341
488,2017-05-03,0.8054925
489,2017-05-04,0.48896378
490,2017-05-05,0.4345307
491,2017-05-06,0.6980855
492,2017-05-07,0.811487
493,2017-05-08,0.6932331
494,2017-05-09,0.8034443
495,2017-05-10,0.6205819
496,2017-05-11,0.42557094
497,2017-05-12,0.2752553
498,2017-05-13,0.3919392
499,2017-05-14,0.62301517
500,2017-05-15,0.43987533
501,2017-05-16,0.27444214
502,2017-05-17,0.2604811
503,2017-05-18,0.5603059
504,2017-05-19,0.9278885
505,2017-05-20,1.0253036
506,2017-05-21,0.4990356
507,2017-05-22,0.6181201
508,2017-05-23,0.40275863
509,2017-05-24,0.49540922
510,2017-05-25,0.8920083
511,2017-05-26,0.9514267
512,2017-05-27,0.6087029
513,2017-05-28,0.4739928
514,2017-05-29,0.58942264
515,2017-05-30,0.35506338
516,2017-05-31,0.25709966
517,2017-06-01,0.3865506
518,2017-06-02,0.24809112
519,2017-06-03,0.24835347
520,2017-06-04,0.3176055
521,2017-06-05,0.1894454
522,2017-06-06,0.15870588
523,2017-06-07,0.17185466
524,2017-06-08,0.39244694
525,2017-06-09,0.26647666
526,2017-06-10,0.2102845
527,2017-06-11,0.2704422
528,2017-06-12,0.45946947
529,2017-06-13,0.6954262
530,2017-06-14,0.68426806
531,2017-06-15,0.74206996
532,2017-06-16,0.66377085
533,2017-06-17,0.88834745
534,2017-06-18,0.96630174
535,2017-06-19,0.8130705
536,2017-06-20,0.52567154
537,2017-06-21,0.5203115
538,2017-06-22,0.4148859
539,2017-06-23,0.55789196
540,2017-06-24,0.82799447
541,2017-06-25,1.0816315
542,2017-06-26,0.83515686
543,2017-06-27,0.4015094
544,2017-06-28,0.18260208
545,2017-06-29,0.27023488
546,2017-06-30,0.34886023
547,2017-07-01,0.6052476
548,2017-07-02,0.28051534
549,2017-07-03,0.41609094
550,2017-07-04,0.44759592
551,2017-07-05,0.625774
552,2017-07-06,0.24699892
553,2017-07-07,0.3804625
554,2017-07-08,0.289097
555,2017-07-09,0.19274783
556,2017-07-10,0.28524715
557,2017-07-11,0.32774717
558,2017-07-12,0.59136546
559,2017-07-13,1.0058805
560,2017-07-14,0.8974872
561,2017-07-15,0.673082
562,2017-07-16,0.30935693
563,2017-07-17,0.36118853
564,2017-07-18,0.31181154
565,2017-07-19,0.2228367
566,2017-07-20,0.24599582
567,2017-07-21,0.3136199
568,2017-07-22,0.29360533
569,2017-07-23,0.30436066
570,2017-07-24,0.3357011
571,2017-07-25,0.49878612
572,2017-07-26,0.86076504
573,2017-07-27,0.56339157
574,2017-07-28,0.34334436
575,2017-07-29,0.29733434
576,2017-07-30,0.4722445
577,2017-07-31,0.3399566
578,2017-08-01,0.2602667
579,2017-08-02,0.14222558
580,2017-08-03,0.1915997
581,2017-08-04,0.08682489
582,2017-08-05,0.2765688
583,2017-08-06,0.83076304
584,2017-08-07,0.634885
585,2017-08-08,0.57913023
586,2017-08-09,0.6738721
587,2017-08-10,1.0516118
588,2017-08-11,0.9162025
589,2017-08-12,0.85567003
590,2017-08-13,0.45852664
591,2017-08-14,0.3287619
592,2017-08-15,0.31397352
593,2017-08-16,0.3780746
594,2017-08-17,0.3303368
595,2017-08-18,0.25767273
596,2017-08-19,0.27519733
597,2017-08-20,0.48803777
598,2017-08-21,0.25143203
599,2017-08-22,0.22450237
600,2017-08-23,0.25633213
601,2017-08-24,0.16318774
602,2017-08-25,0.450477
603,2017-08-26,0.35739785
604,2017-08-27,0.21201445
605,2017-08-28,0.12247929
606,2017-08-29,0.14459348
607,2017-08-30,0.23205383
608,2017-08-31,0.25354147
609,2017-09-01,0.15781772
610,2017-09-02,0.10620342
611,2017-09-03,0.2578418
612,2017-09-04,0.3196188
613,2017-09-05,0.2626937
614,2017-09-06,0.3065657
615,2017-09-07,0.23564582
616,2017-09-08,0.17638122
617,2017-09-09,0.14318706
618,2017-09-10,0.16850166
619,2017-09-11,0.23451607
620,2017-09-12,0.35526502
621,2017-09-13,0.4483718
622,2017-09-14,0.22156411
623,2017-09-15,0.1379442
624,2017-09-16,0.29308134
625,2017-09-17,0.28380004
626,2017-09-18,0.451108
627,2017-09-19,0.26009527
628,2017-09-20,0.23253348
629,2017-09-21,0.20523955
630,2017-09-22,0.18810597
631,2017-09-23,0.3282281
632,2017-09-24,0.24104758
633,2017-09-25,0.45860445
634,2017-09-26,0.38926464
635,2017-09-27,0.20043057
636,2017-09-28,0.4423029
637,2017-09-29,0.7731102
638,2017-09-30,0.60477275
639,2017-10-01,0.44067058
640,2017-10-02,0.89678764
641,2017-10-03,0.51758236
642,2017-10-04,0.32041287
643,2017-10-05,0.18776628
644,2017-10-06,0.19852138
645,2017-10-07,0.24088755
646,2017-10-08,0.23427472
647,2017-10-09,0.339356
648,2017-10-10,0.50225604
649,2017-10-11,0.26125574
650,2017-10-12,0.6144723
651,2017-10-13,0.56687313
652,2017-10-14,0.48671335
653,2017-10-15,0.4478605
654,2017-10-16,0.31358373
655,2017-10-17,0.66796035
656,2017-10-18,0.36644298
657,2017-10-19,0.3811236
658,2017-10-20,0.14331569
659,2017-10-21,0.06000248
660,2017-10-22,0.23993875
661,2017-10-23,0.3732052
662,2017-10-24,0.3900696
663,2017-10-25,0.27694175
664,2017-10-26,0.2647193
665,2017-10-27,0.33133066
666,2017-10-28,0.37965396
667,2017-10-29,0.38045532
668,2017-10-30,0.72976905
669,2017-10-31,0.38709018
670,2017-11-01,0.24701568
671,2017-11-02,0.2779985
672,2017-11-03,0.3371219
673,2017-11-04,0.67853737
674,2017-11-05,0.7795862
675,2017-11-06,0.50924367
676,2017-11-07,0.5289905
677,2017-11-08,0.52884686
678,2017-11-09,0.6254776
679,2017-11-10,0.26370415
680,2017-11-11,0.20238481
681,2017-11-12,0.1564546
682,2017-11-13,0.107723616
683,2017-11-14,0.14637464
684,2017-11-15,0.20585164
685,2017-11-16,0.2491938
686,2017-11-17,0.42599675
687,2017-11-18,0.3986536
688,2017-11-19,0.5831152
689,2017-11-20,0.5941728
690,2017-11-21,0.4920853
691,2017-11-22,0.33521867
692,2017-11-23,0.2698112
693,2017-11-24,0.3081162
694,2017-11-25,0.23882434
695,2017-11-26,0.32753974
696,2017-11-27,0.18080436
697,2017-11-28,0.30507684
698,2017-11-29,0.61615
699,2017-11-30,0.39800632
700,2017-12-01,0.20730466
701,2017-12-02,0.23842208
702,2017-12-03,0.5397849
703,2017-12-04,0.33853164
704,2017-12-05,0.1838103
705,2017-12-06,0.30896538
706,2017-12-07,0.28284967
707,2017-12-08,0.4994166
708,2017-12-09,0.22379018
709,2017-12-10,0.1386659
710,2017-12-11,0.13533151
711,2017-12-12,0.46082103
712,2017-12-13,0.25472718
713,2017-12-14,0.42454004
714,2017-12-15,0.6988754
715,2017-12-16,0.73674387
716,2017-12-17,0.30132124
717,2017-12-18,0.07240762
718,2017-12-19,0.1444559
719,2017-12-20,0.60779065
720,2017-12-21,0.901576
721,2017-12-22,0.4598741
722,2017-12-23,0.18363956
723,2017-12-24,0.20665957
724,2017-12-25,0.26917297
725,2017-12-26,0.16824944
726,2017-12-27,0.22812337
727,2017-12-28,0.31747708
728,2017-12-29,0.21266313
729,2017-12-30,0.30965573
730,2017-12-31,0.5094004
731,2018-01-01,0.18708777
732,2018-01-02,0.589368
733,2018-01-03,0.57766557
734,2018-01-04,0.30951667
735,2018-01-05,0.3628379
736,2018-01-06,0.73933446
737,2018-01-07,0.3869808
738,2018-01-08,0.34759742
739,2018-01-09,0.38918433
740,2018-01-10,0.15126415
741,2018-01-11,0.2393841
742,2018-01-12,0.78381586
743,2018-01-13,0.5361539
744,2018-01-14,0.4474559
745,2018-01-15,0.44937897
746,2018-01-16,0.20681305
747,2018-01-17,0.29654172
748,2018-01-18,0.5259264
749,2018-01-19,0.24775499
750,2018-01-20,0.21242878
751,2018-01-21,0.18408081
752,2018-01-22,0.30545598
753,2018-01-23,0.15538618
754,2018-01-24,0.08900576
755,2018-01-25,0.19103514
756,2018-01-26,0.110750936
757,2018-01-27,0.4604349
758,2018-01-28,0.41122565
759,2018-01-29,0.23098372
760,2018-01-30,0.12157911
761,2018-01-31,0.35388616
762,2018-02-01,0.39261994
763,2018-02-02,0.4840341
764,2018-02-03,0.63897145
765,2018-02-04,0.6279864
766,2018-02-05,0.60981995
767,2018-02-06,0.938124
768,2018-02-07,0.7949778
769,2018-02-08,0.55298996
770,2018-02-09,0.42355156
771,2018-02-10,0.5720429
772,2018-02-11,1.2119019
773,2018-02-12,0.78451437
774,2018-02-13,0.6181566
775,2018-02-14,0.3063009
776,2018-02-15,0.33915445
777,2018-02-16,0.3857264
778,2018-02-17,0.5268942
779,2018-02-18,0.74426264
780,2018-02-19,0.7102775
781,2018-02-20,0.61254114
782,2018-02-21,0.36035976
783,2018-02-22,0.41319314
784,2018-02-23,0.34959456
785,2018-02-24,0.41176516
786,2018-02-25,0.30129546
787,2018-02-26,0.14157061
788,2018-02-27,0.35023642
789,2018-02-28,0.49945143
790,2018-03-01,0.50603676
791,2018-03-02,0.3102276
792,2018-03-03,0.6248751
793,2018-03-04,0.99675643
794,2018-03-05,0.8000182
795,2018-03-06,0.40728533
796,2018-03-07,0.6034706
797,2018-03-08,0.39205638
798,2018-03-09,0.42284387
799,2018-03-10,0.27106586
800,2018-03-11,0.36478448
801,2018-03-12,0.49506482
802,2018-03-13,0.9288635
803,2018-03-14,1.3460357
804,2018-03-15,1.0362687
805,2018-03-16,1.3979595
806,2018-03-17,0.8544554
807,2018-03-18,1.279334
808,2018-03-19,1.566936
809,2018-03-20,1.0751643
810,2018-03-21,1.3551887
811,2018-03-22,0.65886307
812,2018-03-23,1.1475956
813,2018-03-24,0.7827744
814,2018-03-25,0.6409955
815,2018-03-26,0.74563277
816,2018-03-27,0.90717524
817,2018-03-28,0.81822497
818,2018-03-29,0.6468354
819,2018-03-30,0.5250205
820,2018-03-31,0.4144335
821,2018-04-01,0.5447108
822,2018-04-02,0.5097874
823,2018-04-03,0.49788392
824,2018-04-04,0.5612684
825,2018-04-05,0.49638557
826,2018-04-06,0.53174883
827,2018-04-07,0.47938028
828,2018-04-08,0.344774
829,2018-04-09,1.3906382
830,2018-04-10,0.7649132
831,2018-04-11,0.5930045
832,2018-04-12,0.55477977
833,2018-04-13,0.8000997
834,2018-04-14,0.7333042
835,2018-04-15,1.1750131
836,2018-04-16,1.4407057
837,2018-04-17,0.9695197
838,2018-04-18,0.7116682
839,2018-04-19,0.7104113
840,2018-04-20,0.8193065
841,2018-04-21,0.8137883
842,2018-04-22,0.63683957
843,2018-04-23,0.8558361
844,2018-04-24,0.5042905
845,2018-04-25,0.45172983
846,2018-04-26,0.53704935
847,2018-04-27,0.8636538
848,2018-04-28,0.31649557
849,2018-04-29,0.39132804
850,2018-04-30,0.48685768
851,2018-05-01,0.5781268
852,2018-05-02,0.35330242
853,2018-05-03,0.18147333
854,2018-05-04,0.32504293
855,2018-05-05,0.70182633
856,2018-05-06,0.4457955
857,2018-05-07,0.3524611
858,2018-05-08,0.51769876
859,2018-05-09,0.6709259
860,2018-05-10,0.633145
861,2018-05-11,0.41070348
862,2018-05-12,0.30804724
863,2018-05-13,0.4868548
864,2018-05-14,0.29583916
865,2018-05-15,0.21339808
866,2018-05-16,0.1270168
867,2018-05-17,0.28222567
868,2018-05-18,0.4266228
869,2018-05-19,0.34966725
870,2018-05-20,0.18809476
871,2018-05-21,0.56662536
872,2018-05-22,0.716319
873,2018-05-23,0.61125374
874,2018-05-24,0.7626138
875,2018-05-25,0.3428317
876,2018-05-26,0.48972487
877,2018-05-27,0.6742391
878,2018-05-28,0.61731946
879,2018-05-29,0.29536244
880,2018-05-30,0.27734175
881,2018-05-31,0.32697427
882,2018-06-01,1.1228616
883,2018-06-02,1.132567
884,2018-06-03,0.76274556
885,2018-06-04,0.7456958
886,2018-06-05,0.5187037
887,2018-06-06,0.3759909
888,2018-06-07,0.53567696
889,2018-06-08,0.3748934
890,2018-06-09,0.21378668
891,2018-06-10,0.20525071
892,2018-06-11,0.13054234
893,2018-06-12,0.12706093
894,2018-06-13,0.15284966
895,2018-06-14,0.50946885
896,2018-06-15,0.7775478
897,2018-06-16,0.55122197
898,2018-06-17,0.73110706
899,2018-06-18,0.7668566
900,2018-06-19,0.27837694
901,2018-06-20,0.3550186
902,2018-06-21,0.3837166
903,2018-06-22,0.9282745
904,2018-06-23,0.7322283
905,2018-06-24,0.500627
906,2018-06-25,0.45746806
907,2018-06-26,0.22897992
908,2018-06-27,0.25433567
909,2018-06-28,0.30056444
910,2018-06-29,0.57123476
911,2018-06-30,0.59534335
912,2018-07-01,0.73453736
913,2018-07-02,1.0476743
914,2018-07-03,1.0873362
915,2018-07-04,0.7184675
916,2018-07-05,0.46009895
917,2018-07-06,0.29960856
918,2018-07-07,0.4192384
919,2018-07-08,0.623247
920,2018-07-09,0.72134775
921,2018-07-10,0.6359336
922,2018-07-11,0.5488784
923,2018-07-12,0.6644009
924,2018-07-13,0.62484777
925,2018-07-14,0.50269896
926,2018-07-15,0.59886765
927,2018-07-16,0.5705659
928,2018-07-17,1.0915557
929,2018-07-18,0.60816413
930,2018-07-19,0.57782865
931,2018-07-20,0.73261994
932,2018-07-21,0.2559896
933,2018-07-22,0.44678283
934,2018-07-23,0.43272284
935,2018-07-24,0.18226223
936,2018-07-25,0.21800439
937,2018-07-26,0.18540075
938,2018-07-27,0.18589184
939,2018-07-28,0.122191794
940,2018-07-29,0.099772856
941,2018-07-30,0.1512007
942,2018-07-31,0.15037353
943,2018-08-01,0.20295846
944,2018-08-02,0.22312424
945,2018-08-03,0.49291006
946,2018-08-04,0.2902953
947,2018-08-05,0.2059901
948,2018-08-06,0.26772454
949,2018-08-07,0.38632128
950,2018-08-08,0.81268126
951,2018-08-09,0.85939944
952,2018-08-10,0.46304458
953,2018-08-11,0.4588368
954,2018-08-12,0.28109613
955,2018-08-13,0.20567362
956,2018-08-14,0.11262273
957,2018-08-15,0.26286128
958,2018-08-16,0.4146172
959,2018-08-17,0.46551824
960,2018-08-18,0.24843991
961,2018-08-19,0.1148587
962,2018-08-20,0.13345277
963,2018-08-21,0.17394574
964,2018-08-22,0.19941193
965,2018-08-23,0.30725357
966,2018-08-24,0.18228951
967,2018-08-25,0.2588389
968,2018-08-26,0.24908918
969,2018-08-27,0.22893389
970,2018-08-28,0.22043593
971,2018-08-29,0.4317331
972,2018-08-30,0.6257557
973,2018-08-31,0.51523095
974,2018-09-01,0.55775017
975,2018-09-02,0.8740218
976,2018-09-03,0.49928367
977,2018-09-04,0.3114696
978,2018-09-05,0.49440828
979,2018-09-06,0.39863083
980,2018-09-07,0.5716579
981,2018-09-08,0.33160126
982,2018-09-09,0.27850473
983,2018-09-10,0.2743181
984,2018-09-11,0.23013823
985,2018-09-12,0.16500136
986,2018-09-13,0.14261141
987,2018-09-14,0.1010237
988,2018-09-15,0.0722465
989,2018-09-16,0.33261567
990,2018-09-17,0.2523574
991,2018-09-18,0.20771232
992,2018-09-19,0.2297407
993,2018-09-20,0.23053353
994,2018-09-21,0.27256322
995,2018-09-22,0.24017668
996,2018-09-23,0.11198684
997,2018-09-24,0.1826789
998,2018-09-25,0.31278956
999,2018-09-26,0.47543076
1000,2018-09-27,0.3357021
1001,2018-09-28,0.31808987
1002,2018-09-29,0.39690012
1003,2018-09-30,0.31763595
1004,2018-10-01,0.29465726
1005,2018-10-02,0.23360768
1006,2018-10-03,0.26976413
1007,2018-10-04,0.38163084
1008,2018-10-05,0.15997428
1009,2018-10-06,0.20689064
1010,2018-10-07,0.14408201
1011,2018-10-08,0.17917101
1012,2018-10-09,0.23605493
1013,2018-10-10,0.26298788
1014,2018-10-11,0.34829596
1015,2018-10-12,0.31612885
1016,2018-10-13,0.33680424
1017,2018-10-14,0.3653531
1018,2018-10-15,0.5201718
1019,2018-10-16,0.5648389
1020,2018-10-17,0.52311075
1021,2018-10-18,0.5380218
1022,2018-10-19,0.7981802
1023,2018-10-20,0.6502415
1024,2018-10-21,0.6544717
1025,2018-10-22,0.31997222
1026,2018-10-23,0.48753327
1027,2018-10-24,0.51281923
1028,2018-10-25,0.3300776
1029,2018-10-26,0.29960948
1030,2018-10-27,0.23503348
1031,2018-10-28,0.22368829
1032,2018-10-29,0.20687011
1033,2018-10-30,0.1398771
1034,2018-10-31,0.18145877
1035,2018-11-01,0.12726402
1036,2018-11-02,0.15758497
1037,2018-11-03,0.7600214
1038,2018-11-04,0.88663757
1039,2018-11-05,1.0301863
1040,2018-11-06,0.921685
1041,2018-11-07,0.62044877
1042,2018-11-08,0.5819138
1043,2018-11-09,0.58747923
1044,2018-11-10,0.4761122
1045,2018-11-11,0.5315928
1046,2018-11-12,0.35852203
1047,2018-11-13,0.27306223
1048,2018-11-14,0.26194572
1049,2018-11-15,0.29778412
1050,2018-11-16,0.45187527
1051,2018-11-17,0.7198051
1052,2018-11-18,0.753311
1053,2018-11-19,0.36164248
1054,2018-11-20,0.32799608
1055,2018-11-21,0.2693837
1056,2018-11-22,0.29699355
1057,2018-11-23,0.1929118
1058,2018-11-24,0.17006038
1059,2018-11-25,0.12789787
1060,2018-11-26,0.298703
1061,2018-11-27,0.34318003
1062,2018-11-28,0.9553807
1063,2018-11-29,0.60428375
1064,2018-11-30,0.3387897
1065,2018-12-01,0.26663017
1066,2018-12-02,0.35598913
1067,2018-12-03,0.49179548
1068,2018-12-04,0.74619275
1069,2018-12-05,0.8645136
1070,2018-12-06,0.7209853
1071,2018-12-07,0.32469344
1072,2018-12-08,0.16389115
1073,2018-12-09,0.14215113
1074,2018-12-10,0.18555114
1075,2018-12-11,0.15663074
1076,2018-12-12,0.14876777
1077,2018-12-13,0.18760614
1078,2018-12-14,0.11387196
1079,2018-12-15,0.058524303
1080,2018-12-16,0.19811314
1081,2018-12-17,0.2825136
1082,2018-12-18,0.36028188
1083,2018-12-19,0.2957952
1084,2018-12-20,0.34427965
1085,2018-12-21,0.15799427
1086,2018-12-22,0.21291369
1087,2018-12-23,0.39760852
1088,2018-12-24,0.26397547
1089,2018-12-25,0.11850473
1090,2018-12-26,0.10319998
1091,2018-12-27,0.12970553
1092,2018-12-28,0.11367934
1093,2018-12-29,0.14051163
1094,2018-12-30,0.35797095
1095,2018-12-31,0.30805466
1096,2019-01-01,0.32111645
1097,2019-01-02,0.33466396
1098,2019-01-03,0.25104916
1099,2019-01-04,0.19326404
1100,2019-01-05,0.15385987
1101,2019-01-06,0.2865245
1102,2019-01-07,0.58427435
1103,2019-01-08,0.4486564
1104,2019-01-09,0.50446135
1105,2019-01-10,0.44162455
1106,2019-01-11,0.4684485
1107,2019-01-12,0.43477115
1108,2019-01-13,0.3960528
1109,2019-01-14,0.28988093
1110,2019-01-15,0.17464034
1111,2019-01-16,0.35687888
1112,2019-01-17,0.22882622
1113,2019-01-18,0.29264998
1114,2019-01-19,0.5490024
1115,2019-01-20,0.60411227
1116,2019-01-21,0.40544114
1117,2019-01-22,0.35225338
1118,2019-01-23,0.49813172
1119,2019-01-24,0.53933895
1120,2019-01-25,0.4206363
1121,2019-01-26,0.18775296
1122,2019-01-27,0.20024282
1123,2019-01-28,0.3544859
1124,2019-01-29,0.24131943
1125,2019-01-30,0.14063571
1126,2019-01-31,0.3158185
1127,2019-02-01,0.83406734
1128,2019-02-02,0.624316
1129,2019-02-03,0.54813904
1130,2019-02-04,0.16145189
1131,2019-02-05,0.22284639
1132,2019-02-06,0.23506804
1133,2019-02-07,0.26811838
1134,2019-02-08,0.3911272
1135,2019-02-09,0.48659727
1136,2019-02-10,1.0306098
1137,2019-02-11,0.8077128
1138,2019-02-12,0.4488121
1139,2019-02-13,0.9065563
1140,2019-02-14,0.5124071
1141,2019-02-15,0.8996521
1142,2019-02-16,0.75682276
1143,2019-02-17,0.97719586
1144,2019-02-18,0.80579436
1145,2019-02-19,0.36268148
1146,2019-02-20,0.58884573
1147,2019-02-21,0.61288387
1148,2019-02-22,0.41131
1149,2019-02-23,0.7429319
1150,2019-02-24,0.8094699
1151,2019-02-25,0.7160684
1152,2019-02-26,0.8738475
1153,2019-02-27,0.6231198
1154,2019-02-28,0.36538762
1155,2019-03-01,1.1186637
1156,2019-03-02,1.2854999
1157,2019-03-03,0.6209828
1158,2019-03-04,1.3147292
1159,2019-03-05,1.0138372
1160,2019-03-06,0.93206155
1161,2019-03-07,0.92129666
1162,2019-03-08,1.0521404
1163,2019-03-09,0.83194494
1164,2019-03-10,0.46820125
1165,2019-03-11,0.5471635
1166,2019-03-12,0.6886218
1167,2019-03-13,0.96293366
1168,2019-03-14,1.1696168
1169,2019-03-15,0.8577215
1170,2019-03-16,0.32437262
1171,2019-03-17,0.14695203
1172,2019-03-18,0.3533946
1173,2019-03-19,0.41695288
1174,2019-03-20,0.5586809
1175,2019-03-21,0.41195765
1176,2019-03-22,0.5510506
1177,2019-03-23,1.1618118
1178,2019-03-24,0.65203774
1179,2019-03-25,0.5721829
1180,2019-03-26,1.329165
1181,2019-03-27,0.6941774
1182,2019-03-28,0.5528787
1183,2019-03-29,0.34975713
1184,2019-03-30,0.7720145
1185,2019-03-31,0.6411079
1186,2019-04-01,0.6951126
1187,2019-04-02,0.62004465
1188,2019-04-03,0.4816452
1189,2019-04-04,0.47583905
1190,2019-04-05,0.54452074
1191,2019-04-06,0.7863124
1192,2019-04-07,0.34261844
1193,2019-04-08,0.65410364
1194,2019-04-09,0.49615228
1195,2019-04-10,0.9653839
1196,2019-04-11,0.84158915
1197,2019-04-12,0.81530464
1198,2019-04-13,0.78040403
1199,2019-04-14,0.68541086
1200,2019-04-15,0.85048926
1201,2019-04-16,1.2878598
1202,2019-04-17,1.5071502
1203,2019-04-18,1.0390226
1204,2019-04-19,0.63288945
1205,2019-04-20,0.6252119
1206,2019-04-21,0.8652678
1207,2019-04-22,0.7684994
1208,2019-04-23,0.5240298
1209,2019-04-24,0.39215657
1210,2019-04-25,0.3194636
1211,2019-04-26,0.5242437
1212,2019-04-27,0.69826883
1213,2019-04-28,0.5846586
1214,2019-04-29,0.33879936
1215,2019-04-30,0.90354073
1216,2019-05-01,0.892237
1217,2019-05-02,0.30658743
1218,2019-05-03,0.4952834
1219,2019-05-04,0.94680953
1220,2019-05-05,0.9629159
1221,2019-05-06,0.7620527
1222,2019-05-07,0.62120956
1223,2019-05-08,0.6037845
1224,2019-05-09,0.4194459
1225,2019-05-10,0.28765526
1226,2019-05-11,0.28203085
1227,2019-05-12,0.23180789
1228,2019-05-13,0.42452222
1229,2019-05-14,0.6807997
1230,2019-05-15,0.34110042
1231,2019-05-16,0.35688883
1232,2019-05-17,0.36755782
1233,2019-05-18,0.3730096
1234,2019-05-19,0.3316823
1235,2019-05-20,0.4778802
1236,2019-05-21,0.41727424
1237,2019-05-22,0.36035228
1238,2019-05-23,0.33917823
1239,2019-05-24,0.24005899
1240,2019-05-25,0.26933032
1241,2019-05-26,0.6317426
1242,2019-05-27,0.64550996
1243,2019-05-28,0.3686179
1244,2019-05-29,0.55985063
1245,2019-05-30,0.70600337
1246,2019-05-31,0.9158483
1247,2019-06-01,0.8318796
1248,2019-06-02,0.8093011
1249,2019-06-03,0.6280713
1250,2019-06-04,1.0118812
1251,2019-06-05,0.9935791
1252,2019-06-06,0.49151507
1253,2019-06-07,0.5158672
1254,2019-06-08,1.0878075
1255,2019-06-09,0.7687956
1256,2019-06-10,0.7158486
1257,2019-06-11,1.0336443
1258,2019-06-12,0.7438067
1259,2019-06-13,0.8465732
1260,2019-06-14,0.56791514
1261,2019-06-15,0.62567735
1262,2019-06-16,0.44435048
1263,2019-06-17,0.37475738
1264,2019-06-18,0.24029881
1265,2019-06-19,0.26739317
1266,2019-06-20,0.42803046
1267,2019-06-21,0.2562187
1268,2019-06-22,0.3423894
1269,2019-06-23,0.5573305
1270,2019-06-24,0.26290673
1271,2019-06-25,0.4513448
1272,2019-06-26,0.9095512
1273,2019-06-27,0.53111213
1274,2019-06-28,0.33991197
1275,2019-06-29,0.48617113
1276,2019-06-30,0.63759685
1277,2019-07-01,0.77734566
1278,2019-07-02,0.561206
1279,2019-07-03,0.21430834
1280,2019-07-04,0.23086181
1281,2019-07-05,0.44416863
1282,2019-07-06,0.45871624
1283,2019-07-07,0.5872431
1284,2019-07-08,0.3606547
1285,2019-07-09,0.4221622
1286,2019-07-10,0.43706155
1287,2019-07-11,0.48798782
1288,2019-07-12,0.63258445
1289,2019-07-13,0.62791437
1290,2019-07-14,0.7392574
1291,2019-07-15,0.58337104
1292,2019-07-16,0.49737883
1293,2019-07-17,0.657924
1294,2019-07-18,0.7718384
1295,2019-07-19,0.6352946
1296,2019-07-20,0.32088125
1297,2019-07-21,0.2688503
1298,2019-07-22,0.30915886
1299,2019-07-23,0.4796989
1300,2019-07-24,0.69477236
1301,2019-07-25,0.47018594
1302,2019-07-26,0.27540794
1303,2019-07-27,0.17197184
1304,2019-07-28,0.07239688
1305,2019-07-29,0.18253623
1306,2019-07-30,0.4668437
1307,2019-07-31,0.45927072
1308,2019-08-01,0.34760794
1309,2019-08-02,0.41357046
1310,2019-08-03,0.54503876
1311,2019-08-04,0.44481045
1312,2019-08-05,0.45502552
1313,2019-08-06,0.51832914
1314,2019-08-07,0.3683819
1315,2019-08-08,0.2541878
1316,2019-08-09,0.31916615
1317,2019-08-10,0.38165507
1318,2019-08-11,0.5362136
1319,2019-08-12,0.6234439
1320,2019-08-13,0.8522946
1321,2019-08-14,0.47884116
1322,2019-08-15,0.5493072
1323,2019-08-16,0.70413303
1324,2019-08-17,0.6606335
1325,2019-08-18,0.48117208
1326,2019-08-19,0.39225724
1327,2019-08-20,0.4120239
1328,2019-08-21,0.28049302
1329,2019-08-22,0.2426766
1330,2019-08-23,0.30397916
1331,2019-08-24,0.50039136
1332,2019-08-25,0.432695
1333,2019-08-26,0.33634686
1334,2019-08-27,0.36258352
1335,2019-08-28,0.2883302
1336,2019-08-29,0.1359434
1337,2019-08-30,0.109645896
1338,2019-08-31,0.47794002
1339,2019-09-01,0.5300112
1340,2019-09-02,0.50686127
1341,2019-09-03,0.7253438
1342,2019-09-04,0.30609015
1343,2019-09-05,0.29393637
1344,2019-09-06,0.4110188
1345,2019-09-07,0.27542418
1346,2019-09-08,0.54557633
1347,2019-09-09,0.3240983
1348,2019-09-10,0.39366686
1349,2019-09-11,0.17075188
1350,2019-09-12,0.28423893
1351,2019-09-13,0.21104921
1352,2019-09-14,0.48737523
1353,2019-09-15,1.2295953
1354,2019-09-16,0.4159156
1355,2019-09-17,0.29139334
1356,2019-09-18,0.24359006
1357,2019-09-19,0.22791997
1358,2019-09-20,0.5289669
1359,2019-09-21,0.22514538
1360,2019-09-22,0.09194912
1361,2019-09-23,0.28646547
1362,2019-09-24,0.2747562
1363,2019-09-25,0.1736001
1364,2019-09-26,0.16983445
1365,2019-09-27,0.17640045
1366,2019-09-28,0.37148315
1367,2019-09-29,0.6782602
1368,2019-09-30,0.6337759
1369,2019-10-01,0.3169765
1370,2019-10-02,0.25638106
1371,2019-10-03,0.1493523
1372,2019-10-04,0.33878425
1373,2019-10-05,0.60674673
1374,2019-10-06,0.2860169
1375,2019-10-07,0.35698804
1376,2019-10-08,0.3291814
1377,2019-10-09,0.1270178
1378,2019-10-10,0.3005383
1379,2019-10-11,0.40135992
1380,2019-10-12,0.63979095
1381,2019-10-13,0.9226435
1382,2019-10-14,0.48567477
1383,2019-10-15,0.7290204
1384,2019-10-16,0.4591141
1385,2019-10-17,0.24726965
1386,2019-10-18,0.5769183
1387,2019-10-19,0.48641142
1388,2019-10-20,0.17832851
1389,2019-10-21,0.3156726
1390,2019-10-22,0.23952596
1391,2019-10-23,0.24169225
1392,2019-10-24,0.7413588
1393,2019-10-25,0.32659402
1394,2019-10-26,0.36606592
1395,2019-10-27,0.52985406
1396,2019-10-28,0.44639397
1397,2019-10-29,0.35498458
1398,2019-10-30,0.6311183
1399,2019-10-31,0.46245983
1400,2019-11-01,0.5700062
1401,2019-11-02,0.5058117
1402,2019-11-03,0.5814311
1403,2019-11-04,0.21486597
1404,2019-11-05,0.21957323
1405,2019-11-06,0.21435237
1406,2019-11-07,0.5087064
1407,2019-11-08,0.8650258
1408,2019-11-09,1.2494719
1409,2019-11-10,1.4438432
1410,2019-11-11,0.6485652
1411,2019-11-12,0.47209308
1412,2019-11-13,0.53074974
1413,2019-11-14,0.307167
1414,2019-11-15,0.4741232
1415,2019-11-16,0.3430745
1416,2019-11-17,0.35265988
1417,2019-11-18,0.20129429
1418,2019-11-19,0.3509172
1419,2019-11-20,0.17167374
1420,2019-11-21,0.2963407
1421,2019-11-22,0.24954538
1422,2019-11-23,0.2635242
1423,2019-11-24,0.5962861
1424,2019-11-25,0.6823033
1425,2019-11-26,0.74053884
1426,2019-11-27,0.542308
1427,2019-11-28,0.8186564
1428,2019-11-29,0.4143562
1429,2019-11-30,0.19983764
1430,2019-12-01,0.2836726
1431,2019-12-02,0.43813822
1432,2019-12-03,0.48477954
1433,2019-12-04,0.68795776
1434,2019-12-05,0.5245748
1435,2019-12-06,0.28090122
1436,2019-12-07,0.1994584
1437,2019-12-08,0.14300914
1438,2019-12-09,0.33046967
1439,2019-12-10,0.27054352
1440,2019-12-11,0.2618069
1441,2019-12-12,0.09957541
1442,2019-12-13,0.15475738
1443,2019-12-14,0.45558146
1444,2019-12-15,0.20079613
1445,2019-12-16,0.16791259
1446,2019-12-17,0.09758635
1447,2019-12-18,0.40996018
1448,2019-12-19,0.7089704
1449,2019-12-20,0.4501608
1450,2019-12-21,0.5019786
1451,2019-12-22,0.42416394
1452,2019-12-23,0.3721859
1453,2019-12-24,0.27700964
1454,2019-12-25,0.12846823
1455,2019-12-26,0.1966085
1456,2019-12-27,0.19574521
1457,2019-12-28,0.16825573
1458,2019-12-29,0.22409435
1459,2019-12-30,0.35156634
1460,2019-12-31,0.3385815
1461,2020-01-01,0.35510784
1462,2020-01-02,0.22601762
1463,2020-01-03,0.22222292
1464,2020-01-04,0.6317166
1465,2020-01-05,0.37410563
1466,2020-01-06,0.6822716
1467,2020-01-07,0.7660206
1468,2020-01-08,0.54320717
1469,2020-01-09,0.42076606
1470,2020-01-10,0.31853738
1471,2020-01-11,0.6251213
1472,2020-01-12,0.40856275
1473,2020-01-13,0.2881111
1474,2020-01-14,0.18905981
1475,2020-01-15,0.22516215
1476,2020-01-16,0.4766212
1477,2020-01-17,0.70088756
1478,2020-01-18,0.6575513
1479,2020-01-19,0.22176427
1480,2020-01-20,0.15872626
1481,2020-01-21,0.18682149
1482,2020-01-22,0.23298983
1483,2020-01-23,0.586732
1484,2020-01-24,0.71672386
1485,2020-01-25,0.3940533
1486,2020-01-26,0.17482737
1487,2020-01-27,0.47670296
1488,2020-01-28,0.2996873
1489,2020-01-29,0.3827847
1490,2020-01-30,0.6458105
1491,2020-01-31,1.1130049
1492,2020-02-01,0.7125437
1493,2020-02-02,0.9545162
1494,2020-02-03,0.6500456
1495,2020-02-04,0.59503675
1496,2020-02-05,0.49643046
1497,2020-02-06,0.39481443
1498,2020-02-07,0.5827123
1499,2020-02-08,0.5673249
1500,2020-02-09,0.72136617
1501,2020-02-10,0.5023326
1502,2020-02-11,0.69638306
1503,2020-02-12,0.5239395
1504,2020-02-13,0.2921256
1505,2020-02-14,0.14343695
1506,2020-02-15,0.44171613
1507,2020-02-16,0.45978498
1508,2020-02-17,0.2929126
1509,2020-02-18,0.26192608
1510,2020-02-19,0.6155034
1511,2020-02-20,0.3612932
1512,2020-02-21,0.47384846
1513,2020-02-22,0.5595828
1514,2020-02-23,0.29003614
1515,2020-02-24,0.188468
1516,2020-02-25,0.46051463
1517,2020-02-26,1.099562
1518,2020-02-27,1.011673
1519,2020-02-28,0.8332292
1520,2020-02-29,1.1027955
1521,2020-03-01,0.9745271
1522,2020-03-02,0.920285
1523,2020-03-03,0.5942003
1524,2020-03-04,0.6348193
1525,2020-03-05,0.6658141
1526,2020-03-06,0.731669
1527,2020-03-07,0.9384925
1528,2020-03-08,0.37480876
1529,2020-03-09,0.38669622
1530,2020-03-10,0.44308883
1531,2020-03-11,0.4420956
1532,2020-03-12,0.53503615
1533,2020-03-13,0.45998147
1534,2020-03-14,0.60107476
1535,2020-03-15,0.50386226
1536,2020-03-16,0.27159756
1537,2020-03-17,0.46769574
1538,2020-03-18,0.3917207
1539,2020-03-19,0.5881445
1540,2020-03-20,0.5847861
1541,2020-03-21,0.6169973
1542,2020-03-22,0.407779
1543,2020-03-23,0.41194582
1544,2020-03-24,0.8419923
1545,2020-03-25,0.9928288
1546,2020-03-26,1.2159281
1547,2020-03-27,0.7374858
1548,2020-03-28,0.51668125
1549,2020-03-29,0.6650014
1550,2020-03-30,0.74865425
1551,2020-03-31,0.74738854
1552,2020-04-01,0.53249204
1553,2020-04-02,0.38339087
1554,2020-04-03,0.36999133
1555,2020-04-04,0.9219007
1556,2020-04-05,1.6706669
1557,2020-04-06,0.8092635
1558,2020-04-07,0.6580043
1559,2020-04-08,0.7091749
1560,2020-04-09,0.54590833
1561,2020-04-10,0.5490309
1562,2020-04-11,1.088814
1563,2020-04-12,0.89794457
1564,2020-04-13,1.6644762
1565,2020-04-14,0.48068637
1566,2020-04-15,0.58349913
1567,2020-04-16,1.0474663
1568,2020-04-17,1.2858164
1569,2020-04-18,0.6729874
1570,2020-04-19,0.6041323
1571,2020-04-20,0.5371723
1572,2020-04-21,0.45454842
1573,2020-04-22,0.25606704
1574,2020-04-23,0.38496503
1575,2020-04-24,0.5376666
1576,2020-04-25,0.82226026
1577,2020-04-26,0.7230329
1578,2020-04-27,0.5294227
1579,2020-04-28,0.61654234
1580,2020-04-29,0.5849874
1581,2020-04-30,0.3293069
1582,2020-05-01,0.5225953
1583,2020-05-02,0.4961247
1584,2020-05-03,0.8884637
1585,2020-05-04,0.7648008
1586,2020-05-05,0.49735117
1587,2020-05-06,0.69853806
1588,2020-05-07,0.56184715
1589,2020-05-08,0.6329578
1590,2020-05-09,0.57402325
1591,2020-05-10,0.63791794
1592,2020-05-11,0.5585998
1593,2020-05-12,0.53347087
1594,2020-05-13,0.59575206
1595,2020-05-14,0.4390116
1596,2020-05-15,0.3247153
1597,2020-05-16,0.34255838
1598,2020-05-17,0.26655197
1599,2020-05-18,0.24851944
1600,2020-05-19,0.36148998
1601,2020-05-20,0.47792098
1602,2020-05-21,0.6162929
1603,2020-05-22,0.35922033
1604,2020-05-23,0.32605934
1605,2020-05-24,0.30715927
1606,2020-05-25,0.50604105
1607,2020-05-26,0.47614598
1608,2020-05-27,0.77939016
1609,2020-05-28,1.3629682
1610,2020-05-29,0.6119963
1611,2020-05-30,0.64336056
1612,2020-05-31,0.5022437
1613,2020-06-01,0.30801418
1614,2020-06-02,0.37593472
1615,2020-06-03,0.44947246
1616,2020-06-04,0.3962257
1617,2020-06-05,0.26460832
1618,2020-06-06,0.34733036
1619,2020-06-07,0.5367269
1620,2020-06-08,0.21922792
1621,2020-06-09,0.28735316
1622,2020-06-10,0.3435408
1623,2020-06-11,0.21535249
1624,2020-06-12,0.32427862
1625,2020-06-13,0.5428845
1626,2020-06-14,0.8124014
1627,2020-06-15,1.3084874
1628,2020-06-16,0.9492498
1629,2020-06-17,0.83607423
1630,2020-06-18,0.81529015
1631,2020-06-19,0.5624396
1632,2020-06-20,0.5867718
1633,2020-06-21,0.53385407
1634,2020-06-22,0.40148118
1635,2020-06-23,0.5653932
1636,2020-06-24,0.53086233
1637,2020-06-25,0.22397256
1638,2020-06-26,0.3722776
1639,2020-06-27,0.4509647
1640,2020-06-28,0.37103567
1641,2020-06-29,0.62121475
1642,2020-06-30,0.2196313
1643,2020-07-01,0.369747
1644,2020-07-02,0.18022597
1645,2020-07-03,0.19667476
1646,2020-07-04,0.42264298
1647,2020-07-05,0.3672835
1648,2020-07-06,0.26248178
1649,2020-07-07,0.16439746
1650,2020-07-08,0.33406878
1651,2020-07-09,0.54254663
1652,2020-07-10,0.87027854
1653,2020-07-11,0.67082125
1654,2020-07-12,0.30022252
1655,2020-07-13,0.38880688
1656,2020-07-14,0.40221336
1657,2020-07-15,0.38291112
1658,2020-07-16,0.21569048
1659,2020-07-17,0.3530566
1660,2020-07-18,0.38311675
1661,2020-07-19,0.5736468
1662,2020-07-20,0.5088307
1663,2020-07-21,0.58737993
1664,2020-07-22,0.79557043
1665,2020-07-23,0.7982813
1666,2020-07-24,0.55472195
1667,2020-07-25,0.3151924
1668,2020-07-26,0.23412904
1669,2020-07-27,0.2683151
1670,2020-07-28,0.25077897
1671,2020-07-29,0.2048176
1672,2020-07-30,0.81279457
1673,2020-07-31,0.5131947
1674,2020-08-01,0.47713512
1675,2020-08-02,0.45872888
1676,2020-08-03,0.39776886
1677,2020-08-04,0.23555411
1678,2020-08-05,0.17155217
1679,2020-08-06,0.08935674
1680,2020-08-07,0.10534936
1681,2020-08-08,0.121134795
1682,2020-08-09,0.4596751
1683,2020-08-10,0.35756075
1684,2020-08-11,0.44090497
1685,2020-08-12,0.2570024
1686,2020-08-13,0.16478075
1687,2020-08-14,0.15441072
1688,2020-08-15,0.11388591
1689,2020-08-16,0.2568269
1690,2020-08-17,0.33047432
1691,2020-08-18,0.5519875
1692,2020-08-19,0.28163192
1693,2020-08-20,0.27287373
1694,2020-08-21,0.700499
1695,2020-08-22,0.9442384
1696,2020-08-23,0.41816685
1697,2020-08-24,0.09167148
1698,2020-08-25,0.11714945
1699,2020-08-26,0.32532293
1700,2020-08-27,0.6408962
1701,2020-08-28,1.0805573
1702,2020-08-29,0.91016114
1703,2020-08-30,0.6863964
1704,2020-08-31,0.75735813
1705,2020-09-01,0.55658746
1706,2020-09-02,0.553672
1707,2020-09-03,0.5299495
1708,2020-09-04,0.3972381
1709,2020-09-05,0.2205191
1710,2020-09-06,0.23259835
1711,2020-09-07,0.34484652
1712,2020-09-08,0.2207814
1713,2020-09-09,0.32028717
1714,2020-09-10,0.2814615
1715,2020-09-11,0.24088198
1716,2020-09-12,0.18046378
1717,2020-09-13,0.3101203
1718,2020-09-14,0.41500503
1719,2020-09-15,0.21429661
1720,2020-09-16,0.15420412
1721,2020-09-17,0.2974943
1722,2020-09-18,0.38471177
1723,2020-09-19,0.23030715
1724,2020-09-20,0.30791393
1725,2020-09-21,0.11711004
1726,2020-09-22,0.27024338
1727,2020-09-23,0.2372236
1728,2020-09-24,0.07406799
1729,2020-09-25,0.10876882
1730,2020-09-26,0.19261889
1731,2020-09-27,0.3445987
1732,2020-09-28,0.47733164
1733,2020-09-29,0.43975747
1734,2020-09-30,0.7408927
1735,2020-10-01,1.328906
1736,2020-10-02,0.87293196
1737,2020-10-03,0.49441996
1738,2020-10-04,0.2176905
1739,2020-10-05,0.09879979
1740,2020-10-06,0.1658224
1741,2020-10-07,0.35127106
1742,2020-10-08,0.3938332
1743,2020-10-09,0.28597525
1744,2020-10-10,0.25558728
1745,2020-10-11,0.25669104
1746,2020-10-12,0.15604283
1747,2020-10-13,0.11253542
1748,2020-10-14,0.14466248
1749,2020-10-15,0.26218104
1750,2020-10-16,0.28693187
1751,2020-10-17,0.18211652
1752,2020-10-18,0.12229067
1753,2020-10-19,0.22138886
1754,2020-10-20,0.31592152
1755,2020-10-21,0.4586281
1756,2020-10-22,0.24911484
1757,2020-10-23,0.33122268
1758,2020-10-24,0.37173367
1759,2020-10-25,0.539204
1760,2020-10-26,0.5265439
1761,2020-10-27,0.5455714
1762,2020-10-28,0.314297
1763,2020-10-29,0.20319162
1764,2020-10-30,0.21915376
1765,2020-10-31,0.31330237
1766,2020-11-01,0.7859913
1767,2020-11-02,0.7129012
1768,2020-11-03,0.3609095
1769,2020-11-04,0.16753323
1770,2020-11-05,0.21759924
1771,2020-11-06,0.5535265
1772,2020-11-07,0.47523025
1773,2020-11-08,0.34037018
1774,2020-11-09,0.34220567
1775,2020-11-10,0.57464755
1776,2020-11-11,0.41964346
1777,2020-11-12,0.21176574
1778,2020-11-13,0.22493698
1779,2020-11-14,0.33808696
1780,2020-11-15,0.2601805
1781,2020-11-16,0.16834038
1782,2020-11-17,0.2762913
1783,2020-11-18,0.37555203
1784,2020-11-19,0.23950812
1785,2020-11-20,0.29673004
1786,2020-11-21,0.2458262
1787,2020-11-22,0.31870297
1788,2020-11-23,0.29526603
1789,2020-11-24,0.3511509
1790,2020-11-25,0.6056176
1791,2020-11-26,0.7278171
1792,2020-11-27,0.3950845
1793,2020-11-28,0.27478227
1794,2020-11-29,0.23791991
1795,2020-11-30,0.18660747
1796,2020-12-01,0.15757553
1797,2020-12-02,0.48223004
1798,2020-12-03,0.62722486
1799,2020-12-04,0.56137574
1800,2020-12-05,0.7133435
1801,2020-12-06,0.6337219
1802,2020-12-07,0.3471137
1803,2020-12-08,0.40683755
1804,2020-12-09,0.27063367
1805,2020-12-10,0.4152587
1806,2020-12-11,0.18650617
1807,2020-12-12,0.29430124
1808,2020-12-13,0.3163265
1809,2020-12-14,0.39551595
1810,2020-12-15,0.48192823
1811,2020-12-16,0.22010255
1812,2020-12-17,0.13255401
1813,2020-12-18,0.14023775
1814,2020-12-19,0.16942747
1815,2020-12-20,0.26292178
1816,2020-12-21,0.16244261
1817,2020-12-22,0.1174422
1818,2020-12-23,0.13567406
1819,2020-12-24,0.3690908
1820,2020-12-25,0.56606185
1821,2020-12-26,0.23785003
1822,2020-12-27,0.37241188
1823,2020-12-28,0.19949763
1824,2020-12-29,0.24294078
1825,2020-12-30,0.1925727
1826,2020-12-31,0.18025623
1827,2021-01-01,0.21921244
1828,2021-01-02,0.16311145
1829,2021-01-03,0.2574319
1830,2021-01-04,0.24081126
1831,2021-01-05,0.20165007
1832,2021-01-06,0.064376235
1833,2021-01-07,0.0928723
1834,2021-01-08,0.11400939
1835,2021-01-09,0.373586
1836,2021-01-10,0.53162676
1837,2021-01-11,0.45539767
1838,2021-01-12,0.24640797
1839,2021-01-13,0.5743035
1840,2021-01-14,0.4256846
1841,2021-01-15,0.32700092
1842,2021-01-16,0.43048424
1843,2021-01-17,0.49117547
1844,2021-01-18,0.5472424
1845,2021-01-19,0.48952752
1846,2021-01-20,0.7544347
1847,2021-01-21,0.5172494
1848,2021-01-22,0.46881118
1849,2021-01-23,0.75005925
1850,2021-01-24,0.44967327
1851,2021-01-25,0.49520725
1852,2021-01-26,0.42675415
1853,2021-01-27,0.38259688
1854,2021-01-28,0.3000689
1855,2021-01-29,0.43290076
1856,2021-01-30,0.5049373
1857,2021-01-31,0.4212056
1858,2021-02-01,0.31371158
1859,2021-02-02,0.33847156
1860,2021-02-03,0.35475323
1861,2021-02-04,0.18695444
1862,2021-02-05,0.33260512
1863,2021-02-06,0.43346763
1864,2021-02-07,0.94055396
1865,2021-02-08,0.96072876
1866,2021-02-09,0.43728304
1867,2021-02-10,0.35927817
1868,2021-02-11,0.7396066
1869,2021-02-12,1.3246796
1870,2021-02-13,0.7289794
1871,2021-02-14,0.28286573
1872,2021-02-15,0.33444753
1873,2021-02-16,0.59100205
1874,2021-02-17,0.458149
1875,2021-02-18,0.24169286
1876,2021-02-19,0.5452439
1877,2021-02-20,0.6632083
1878,2021-02-21,0.61382544
1879,2021-02-22,0.5157978
1880,2021-02-23,0.647832
1881,2021-02-24,0.446274
1882,2021-02-25,0.24186599
1883,2021-02-26,0.700616
1884,2021-02-27,0.82433355
1885,2021-02-28,0.3797976
1886,2021-03-01,0.27328077
1887,2021-03-02,0.40963548
1888,2021-03-03,0.9341188
1889,2021-03-04,0.97631437
1890,2021-03-05,0.69551474
1891,2021-03-06,0.7303581
1892,2021-03-07,1.144637
1893,2021-03-08,1.2311382
1894,2021-03-09,0.79970056
1895,2021-03-10,0.5825061
1896,2021-03-11,0.7773748
1897,2021-03-12,0.6893857
1898,2021-03-13,0.6471206
1899,2021-03-14,0.84612316
1900,2021-03-15,0.6119621
1901,2021-03-16,0.9908579
1902,2021-03-17,1.2781445
1903,2021-03-18,0.8415164
1904,2021-03-19,0.64827126
1905,2021-03-20,0.6055788
1906,2021-03-21,0.57367945
1907,2021-03-22,0.5510488
1908,2021-03-23,0.5019602
1909,2021-03-24,0.63449484
1910,2021-03-25,0.51884043
1911,2021-03-26,0.45440674
1912,2021-03-27,0.672885
1913,2021-03-28,0.7800879
1914,2021-03-29,0.6948918
1915,2021-03-30,0.9843582
1916,2021-03-31,1.1222403
1917,2021-04-01,0.86845297
1918,2021-04-02,0.6670555
1919,2021-04-03,0.6066882
1920,2021-04-04,0.7738777
1921,2021-04-05,0.5325978
1922,2021-04-06,0.40984598
1923,2021-04-07,0.38049793
1924,2021-04-08,0.45003876
1925,2021-04-09,0.30798382
1926,2021-04-10,0.40692687
1927,2021-04-11,0.5218197
1928,2021-04-12,0.49011472
1929,2021-04-13,0.3046618
1930,2021-04-14,0.72984934
1931,2021-04-15,0.6902955
1932,2021-04-16,0.6720154
1933,2021-04-17,0.7186452
1934,2021-04-18,0.5373732
1935,2021-04-19,0.84729826
1936,2021-04-20,1.1526736
1937,2021-04-21,0.52330804
1938,2021-04-22,0.4207339
1939,2021-04-23,0.817163
1940,2021-04-24,0.6377383
1941,2021-04-25,0.37605104
1942,2021-04-26,0.49818218
1943,2021-04-27,0.6091761
1944,2021-04-28,0.6712237
1945,2021-04-29,0.4223731
1946,2021-04-30,0.67854357
1947,2021-05-01,0.51011974
1948,2021-05-02,0.45777512
1949,2021-05-03,0.46512914
1950,2021-05-04,0.3513353
1951,2021-05-05,0.38652682
1952,2021-05-06,0.24658622
1953,2021-05-07,0.31780258
1954,2021-05-08,0.25381243
1955,2021-05-09,0.6227395
1956,2021-05-10,0.6620462
1957,2021-05-11,0.46613842
1958,2021-05-12,0.5535673
1959,2021-05-13,0.5420283
1960,2021-05-14,0.43254778
1961,2021-05-15,0.5575338
1962,2021-05-16,0.7513229
1963,2021-05-17,0.7153338
1964,2021-05-18,0.38895535
1965,2021-05-19,0.6874283
1966,2021-05-20,0.81199193
1967,2021-05-21,0.32885903
1968,2021-05-22,0.36664858
1969,2021-05-23,0.32878444
1970,2021-05-24,0.3382197
1971,2021-05-25,0.35750726
1972,2021-05-26,0.4986228
1973,2021-05-27,0.58869195
1974,2021-05-28,0.49617836
1975,2021-05-29,0.4247977
1976,2021-05-30,0.5021076
1977,2021-05-31,0.4389245
1978,2021-06-01,0.46491605
1979,2021-06-02,0.38125205
1980,2021-06-03,0.32958367
1981,2021-06-04,0.22767127
1982,2021-06-05,0.33009893
1983,2021-06-06,0.31221667
1984,2021-06-07,0.2432994
1985,2021-06-08,0.32508266
1986,2021-06-09,0.28557256
1987,2021-06-10,0.17489517
1988,2021-06-11,0.36433092
1989,2021-06-12,0.41924098
1990,2021-06-13,0.31052846
1991,2021-06-14,0.7043172
1992,2021-06-15,0.76640767
1993,2021-06-16,0.51280123
1994,2021-06-17,0.58604693
1995,2021-06-18,0.4129607
1996,2021-06-19,0.52192163
1997,2021-06-20,0.41629001
1998,2021-06-21,0.34410837
1999,2021-06-22,0.25655618
2000,2021-06-23,0.24939056
2001,2021-06-24,0.26036114
2002,2021-06-25,0.16593184
2003,2021-06-26,0.45664883
2004,2021-06-27,0.90726566
2005,2021-06-28,0.6653199
2006,2021-06-29,0.5031823
2007,2021-06-30,0.6315718
2008,2021-07-01,0.38769442
2009,2021-07-02,0.3560001
2010,2021-07-03,0.35780877
2011,2021-07-04,0.11933137
2012,2021-07-05,0.24992198
2013,2021-07-06,0.43708354
2014,2021-07-07,0.4833208
2015,2021-07-08,0.41909334
2016,2021-07-09,0.42410225
2017,2021-07-10,0.4912287
2018,2021-07-11,0.2556384
2019,2021-07-12,0.2841594
2020,2021-07-13,0.32783884
2021,2021-07-14,0.27359453
2022,2021-07-15,0.26173952
2023,2021-07-16,0.19703366
2024,2021-07-17,0.2546246
2025,2021-07-18,0.33322498
2026,2021-07-19,0.54136276
2027,2021-07-20,0.38119397
2028,2021-07-21,0.14484635
2029,2021-07-22,0.23574245
2030,2021-07-23,0.2179251
2031,2021-07-24,0.24077865
2032,2021-07-25,0.5849363
2033,2021-07-26,0.79943293
2034,2021-07-27,0.9046189
2035,2021-07-28,0.85746896
2036,2021-07-29,0.7107073
2037,2021-07-30,0.49384502
2038,2021-07-31,0.31271404
2039,2021-08-01,0.28975415
2040,2021-08-02,0.22410265
2041,2021-08-03,0.28077418
2042,2021-08-04,0.3722067
2043,2021-08-05,0.43708003
2044,2021-08-06,0.593522
2045,2021-08-07,0.6920302
2046,2021-08-08,0.88934094
2047,2021-08-09,0.41333345
2048,2021-08-10,0.30662477
2049,2021-08-11,0.18012452
2050,2021-08-12,0.29204828
2051,2021-08-13,0.09666021
2052,2021-08-14,0.076828375
2053,2021-08-15,0.22427207
2054,2021-08-16,0.13952242
2055,2021-08-17,0.14616807
2056,2021-08-18,0.21727334
2057,2021-08-19,0.31331587
2058,2021-08-20,0.32988
2059,2021-08-21,0.43654045
2060,2021-08-22,0.31536743
2061,2021-08-23,0.34684977
2062,2021-08-24,0.3071366
2063,2021-08-25,0.18333863
2064,2021-08-26,0.21769518
2065,2021-08-27,0.23891956
2066,2021-08-28,0.219534
2067,2021-08-29,0.25728038
2068,2021-08-30,0.40617245
2069,2021-08-31,0.5680449
2070,2021-09-01,0.5708167
2071,2021-09-02,0.2799225
2072,2021-09-03,0.11791917
2073,2021-09-04,0.2540814
2074,2021-09-05,0.2735179
2075,2021-09-06,0.17907307
2076,2021-09-07,0.48353893
2077,2021-09-08,0.6225018
2078,2021-09-09,0.76894486
2079,2021-09-10,0.3425224
2080,2021-09-11,0.2556994
2081,2021-09-12,0.21317838
2082,2021-09-13,0.43145517
2083,2021-09-14,0.26204243
2084,2021-09-15,0.18062827
2085,2021-09-16,0.28985843
2086,2021-09-17,0.4992484
2087,2021-09-18,0.3841166
2088,2021-09-19,0.34688604
2089,2021-09-20,0.5662391
2090,2021-09-21,0.44849867
2091,2021-09-22,0.29070434
2092,2021-09-23,0.35483292
2093,2021-09-24,0.42636093
2094,2021-09-25,0.47528696
2095,2021-09-26,0.41920504
2096,2021-09-27,0.28491908
2097,2021-09-28,0.16065393
2098,2021-09-29,0.16103661
2099,2021-09-30,0.2477229
2100,2021-10-01,0.42332837
2101,2021-10-02,0.2810822
2102,2021-10-03,0.42484912
2103,2021-10-04,0.5688995
2104,2021-10-05,0.65930784
2105,2021-10-06,0.39782736
2106,2021-10-07,0.566694
2107,2021-10-08,0.4288803
2108,2021-10-09,0.2002858
2109,2021-10-10,0.24033904
2110,2021-10-11,0.10376014
2111,2021-10-12,0.32310474
2112,2021-10-13,0.32542443
2113,2021-10-14,0.23695666
2114,2021-10-15,0.25717938
2115,2021-10-16,0.9315268
2116,2021-10-17,0.86688197
2117,2021-10-18,0.36143237
2118,2021-10-19,0.42867395
2119,2021-10-20,0.72047126
2120,2021-10-21,1.0169843
2121,2021-10-22,0.46501687
2122,2021-10-23,0.25443417
2123,2021-10-24,0.5994778
2124,2021-10-25,0.6847764
2125,2021-10-26,0.729638
2126,2021-10-27,0.17443049
2127,2021-10-28,0.2672142
2128,2021-10-29,0.4405365
2129,2021-10-30,0.6839678
2130,2021-10-31,0.52582484
2131,2021-11-01,0.49564278
2132,2021-11-02,0.7613023
2133,2021-11-03,0.85243475
2134,2021-11-04,0.50809574
2135,2021-11-05,0.24550076
2136,2021-11-06,0.26233512
2137,2021-11-07,0.4918305
2138,2021-11-08,0.20244123
2139,2021-11-09,0.5810296
2140,2021-11-10,0.3697559
2141,2021-11-11,0.36758894
2142,2021-11-12,0.5953408
2143,2021-11-13,0.5930206
2144,2021-11-14,0.36451587
2145,2021-11-15,0.33601034
2146,2021-11-16,0.29072917
2147,2021-11-17,0.501678
2148,2021-11-18,0.40299594
2149,2021-11-19,0.42008993
2150,2021-11-20,0.35395452
2151,2021-11-21,0.28326976
2152,2021-11-22,0.26369464
2153,2021-11-23,0.2831182
2154,2021-11-24,0.2564927
2155,2021-11-25,0.20825428
2156,2021-11-26,0.12271112
2157,2021-11-27,0.12756875
2158,2021-11-28,0.1534585
2159,2021-11-29,0.19116439
2160,2021-11-30,0.31714255
2161,2021-12-01,0.3432375
2162,2021-12-02,0.40077084
2163,2021-12-03,0.48667663
2164,2021-12-04,0.30381525
2165,2021-12-05,0.58754283
2166,2021-12-06,0.45770147
2167,2021-12-07,0.33341345
2168,2021-12-08,0.3842291
2169,2021-12-09,0.37077573
2170,2021-12-10,0.2318184
2171,2021-12-11,0.23086244
2172,2021-12-12,0.22446683
2173,2021-12-13,0.47359523
2174,2021-12-14,0.30959898
2175,2021-12-15,0.29196906
2176,2021-12-16,0.2482896
2177,2021-12-17,0.61098444
2178,2021-12-18,0.30557075
2179,2021-12-19,0.20768668
2180,2021-12-20,0.38964695
2181,2021-12-21,0.2460548
2182,2021-12-22,0.14560239
2183,2021-12-23,0.07545917
2184,2021-12-24,0.12448507
2185,2021-12-25,0.2753405
2186,2021-12-26,0.32639152
2187,2021-12-27,0.114113785
2188,2021-12-28,0.11664309
2189,2021-12-29,0.12718183
2190,2021-12-30,0.23606998
2191,2021-12-31,0.23203595
2192,2022-01-01,0.3153117
2193,2022-01-02,0.16774037
2194,2022-01-03,0.19440566
2195,2022-01-04,0.16346891
2196,2022-01-05,0.35633796
2197,2022-01-06,0.45549154
2198,2022-01-07,0.6775106
2199,2022-01-08,0.3700667
2200,2022-01-09,0.13629377
2201,2022-01-10,0.087146975
2202,2022-01-11,0.20622729
2203,2022-01-12,0.18317837
2204,2022-01-13,0.5367716
2205,2022-01-14,0.6613561
2206,2022-01-15,0.6941467
2207,2022-01-16,0.6311517
2208,2022-01-17,0.87316734
2209,2022-01-18,0.9490632
2210,2022-01-19,1.0701872
2211,2022-01-20,0.78748554
2212,2022-01-21,0.36239332
2213,2022-01-22,0.3410173
2214,2022-01-23,0.15608193
2215,2022-01-24,0.16717303
2216,2022-01-25,0.27845398
2217,2022-01-26,0.27507612
2218,2022-01-27,0.2445794
2219,2022-01-28,0.78314453
2220,2022-01-29,0.9975699
2221,2022-01-30,0.4775354
2222,2022-01-31,0.40083602
2223,2022-02-01,0.5161389
2224,2022-02-02,0.50257754
2225,2022-02-03,0.48382825
2226,2022-02-04,0.64884466
2227,2022-02-05,0.43404663
2228,2022-02-06,0.51486915
2229,2022-02-07,0.9331098
2230,2022-02-08,0.6244518
2231,2022-02-09,0.96257836
2232,2022-02-10,0.77371573
2233,2022-02-11,0.37999928
2234,2022-02-12,0.5887191
2235,2022-02-13,0.51027846
2236,2022-02-14,0.4809935
2237,2022-02-15,0.25334293
2238,2022-02-16,0.23051724
2239,2022-02-17,0.8128039
2240,2022-02-18,0.39143613
2241,2022-02-19,0.8501099
2242,2022-02-20,1.0185572
2243,2022-02-21,0.70209605
2244,2022-02-22,0.66868126
2245,2022-02-23,0.7543174
2246,2022-02-24,0.6299895
2247,2022-02-25,0.3584631
2248,2022-02-26,0.54882026
2249,2022-02-27,0.18594812
2250,2022-02-28,0.22928219
2251,2022-03-01,0.39222288
2252,2022-03-02,0.47846603
2253,2022-03-03,0.52746475
2254,2022-03-04,0.8415204
2255,2022-03-05,0.7220442
2256,2022-03-06,0.35757938
2257,2022-03-07,0.3347781
2258,2022-03-08,0.41502208
2259,2022-03-09,0.34126368
2260,2022-03-10,0.637583
2261,2022-03-11,0.38682863
2262,2022-03-12,0.70338464
2263,2022-03-13,0.6494086
2264,2022-03-14,0.67504394
2265,2022-03-15,0.65519685
2266,2022-03-16,1.0065216
2267,2022-03-17,1.3196586
2268,2022-03-18,0.5150759
2269,2022-03-19,0.31694177
2270,2022-03-20,0.70418787
2271,2022-03-21,1.0787733
2272,2022-03-22,0.7148927
2273,2022-03-23,0.8503028
2274,2022-03-24,1.0820683
2275,2022-03-25,0.506122
2276,2022-03-26,0.44363356
2277,2022-03-27,0.4539374
2278,2022-03-28,0.7536582
2279,2022-03-29,1.1456947
2280,2022-03-30,1.6908039
2281,2022-03-31,1.3580477
2282,2022-04-01,0.88830984
2283,2022-04-02,0.4791878
2284,2022-04-03,0.4194694
2285,2022-04-04,0.45061266
2286,2022-04-05,0.9816403
2287,2022-04-06,1.003802
2288,2022-04-07,0.9489631
2289,2022-04-08,0.81868577
2290,2022-04-09,0.83147407
2291,2022-04-10,0.46320623
2292,2022-04-11,0.26017997
2293,2022-04-12,0.31974697
2294,2022-04-13,0.55792916
2295,2022-04-14,0.3772752
2296,2022-04-15,0.14811583
2297,2022-04-16,0.32758415
2298,2022-04-17,0.6286116
2299,2022-04-18,0.67318344
2300,2022-04-19,0.69179636
2301,2022-04-20,0.41973975
2302,2022-04-21,0.17116925
2303,2022-04-22,0.10733056
2304,2022-04-23,0.4306809
2305,2022-04-24,0.23636636
2306,2022-04-25,0.48291612
2307,2022-04-26,0.53896314
2308,2022-04-27,0.62529933
2309,2022-04-28,0.662101
2310,2022-04-29,0.84637
2311,2022-04-30,0.92681766
2312,2022-05-01,0.8629951
2313,2022-05-02,0.42286348
2314,2022-05-03,0.34765628
2315,2022-05-04,0.21330687
2316,2022-05-05,0.22009759
2317,2022-05-06,0.11290766
2318,2022-05-07,0.13695188
2319,2022-05-08,0.20276302
2320,2022-05-09,0.3649512
2321,2022-05-10,0.25175244
2322,2022-05-11,0.23945865
2323,2022-05-12,0.4340028
2324,2022-05-13,0.3379492
2325,2022-05-14,0.30395284
2326,2022-05-15,0.4808114
2327,2022-05-16,0.6561224
2328,2022-05-17,0.4194047
2329,2022-05-18,0.46841088
2330,2022-05-19,0.47181132
2331,2022-05-20,0.7245246
2332,2022-05-21,0.739515
2333,2022-05-22,0.7922551
2334,2022-05-23,0.5601202
2335,2022-05-24,0.5331274
2336,2022-05-25,0.7767952
2337,2022-05-26,0.35967353
2338,2022-05-27,0.7672698
2339,2022-05-28,0.6915677
2340,2022-05-29,0.6618377
2341,2022-05-30,0.5721868
2342,2022-05-31,0.62166077
2343,2022-06-01,0.67505693
2344,2022-06-02,0.6685255
2345,2022-06-03,0.9216876
2346,2022-06-04,0.8302501
2347,2022-06-05,0.36216953
2348,2022-06-06,0.39522326
2349,2022-06-07,0.44275627
2350,2022-06-08,0.62714666
2351,2022-06-09,0.3727896
2352,2022-06-10,0.5102606
2353,2022-06-11,0.39633772
2354,2022-06-12,0.23507099
2355,2022-06-13,0.27296284
2356,2022-06-14,0.53703773
2357,2022-06-15,0.7211742
2358,2022-06-16,0.3739876
2359,2022-06-17,0.7908418
2360,2022-06-18,1.1627884
2361,2022-06-19,0.80658615
2362,2022-06-20,0.75337154
2363,2022-06-21,0.9408827
2364,2022-06-22,1.3291144
2365,2022-06-23,1.1944629
2366,2022-06-24,0.8108184
2367,2022-06-25,0.70972604
2368,2022-06-26,0.31201303
2369,2022-06-27,0.22401613
2370,2022-06-28,0.22196029
2371,2022-06-29,0.15001059
2372,2022-06-30,0.2960436
2373,2022-07-01,0.3198267
2374,2022-07-02,1.0030951
2375,2022-07-03,0.47955525
2376,2022-07-04,0.25214833
2377,2022-07-05,0.42765608
2378,2022-07-06,0.35174578
2379,2022-07-07,0.48563612
2380,2022-07-08,0.4128582
2381,2022-07-09,0.4306647
2382,2022-07-10,0.6253991
2383,2022-07-11,0.7070951
2384,2022-07-12,0.45925248
2385,2022-07-13,0.5696839
2386,2022-07-14,0.5757302
2387,2022-07-15,0.57946855
2388,2022-07-16,0.33868963
2389,2022-07-17,0.42268088
2390,2022-07-18,0.46077335
2391,2022-07-19,0.5829663
2392,2022-07-20,0.34888357
2393,2022-07-21,0.4475549
2394,2022-07-22,0.48584008
2395,2022-07-23,0.5803997
2396,2022-07-24,0.3278954
2397,2022-07-25,0.500819
2398,2022-07-26,0.68939996
2399,2022-07-27,0.2851043
2400,2022-07-28,0.21213356
2401,2022-07-29,0.25216016
2402,2022-07-30,0.3195515
2403,2022-07-31,0.18133983
2404,2022-08-01,0.24805602
2405,2022-08-02,0.4980629
2406,2022-08-03,0.4774252
2407,2022-08-04,0.21479063
2408,2022-08-05,0.2133738
2409,2022-08-06,0.275134
2410,2022-08-07,0.2951723
2411,2022-08-08,0.4057986
2412,2022-08-09,0.40519437
2413,2022-08-10,0.35886136
2414,2022-08-11,0.21715026
2415,2022-08-12,0.21707274
2416,2022-08-13,0.25341183
2417,2022-08-14,0.2258196
2418,2022-08-15,0.19366673
2419,2022-08-16,0.27417463
2420,2022-08-17,0.39878532
2421,2022-08-18,0.4921999
2422,2022-08-19,0.6639618
2423,2022-08-20,0.5123445
2424,2022-08-21,0.5311358
2425,2022-08-22,0.4395582
2426,2022-08-23,0.624229
2427,2022-08-24,0.47699648
2428,2022-08-25,0.6580322
2429,2022-08-26,0.48588696
2430,2022-08-27,0.31551978
2431,2022-08-28,0.5728327
2432,2022-08-29,0.45033333
2433,2022-08-30,0.42297944
2434,2022-08-31,0.5455833
2435,2022-09-01,0.21396764
2436,2022-09-02,0.28761742
2437,2022-09-03,0.39828843
2438,2022-09-04,0.3653295
2439,2022-09-05,0.5569884
2440,2022-09-06,1.0357798
2441,2022-09-07,0.52877116
2442,2022-09-08,0.20682134
2443,2022-09-09,0.22814423
2444,2022-09-10,0.13219789
2445,2022-09-11,0.27259356
2446,2022-09-12,0.57734394
2447,2022-09-13,0.86063915
2448,2022-09-14,0.5891749
2449,2022-09-15,0.35694832
2450,2022-09-16,0.32345456
2451,2022-09-17,0.43591344
2452,2022-09-18,0.7547665
2453,2022-09-19,0.7810959
2454,2022-09-20,0.393699
2455,2022-09-21,1.0476433
2456,2022-09-22,0.47517425
2457,2022-09-23,0.14258394
2458,2022-09-24,0.18595944
2459,2022-09-25,0.16834605
2460,2022-09-26,0.22885422
2461,2022-09-27,0.36404642
2462,2022-09-28,0.7813859
2463,2022-09-29,0.29040077
2464,2022-09-30,0.22939168
2465,2022-10-01,0.19236523
2466,2022-10-02,0.14483891
2467,2022-10-03,0.46588132
2468,2022-10-04,0.60578924
2469,2022-10-05,0.4611803
2470,2022-10-06,0.43073034
2471,2022-10-07,0.4291642
2472,2022-10-08,0.43879473
2473,2022-10-09,0.2845222
2474,2022-10-10,0.16601421
2475,2022-10-11,0.33611593
2476,2022-10-12,0.2071959
2477,2022-10-13,0.30203187
2478,2022-10-14,0.5453888
2479,2022-10-15,0.3042703
2480,2022-10-16,0.8127624
2481,2022-10-17,0.355095
2482,2022-10-18,0.08190404
2483,2022-10-19,0.103629485
2484,2022-10-20,0.27959764
2485,2022-10-21,0.11637052
2486,2022-10-22,0.08148009
2487,2022-10-23,0.121174164
2488,2022-10-24,0.16575634
2489,2022-10-25,0.17953482
2490,2022-10-26,0.28742683
2491,2022-10-27,0.2686562
2492,2022-10-28,0.2006881
2493,2022-10-29,0.40870857
2494,2022-10-30,0.7345794
2495,2022-10-31,0.4058962
2496,2022-11-01,0.50138974
2497,2022-11-02,0.6086802
2498,2022-11-03,0.49699956
2499,2022-11-04,0.45545432
2500,2022-11-05,0.5743485
2501,2022-11-06,0.69224274
2502,2022-11-07,0.43864337
2503,2022-11-08,0.24477124
2504,2022-11-09,0.26498255
2505,2022-11-10,0.2831305
2506,2022-11-11,0.3444891
2507,2022-11-12,0.37223628
2508,2022-11-13,0.44855714
2509,2022-11-14,0.6879933
2510,2022-11-15,0.68021804
2511,2022-11-16,0.67161703
2512,2022-11-17,0.696633
2513,2022-11-18,0.82914305
2514,2022-11-19,0.66136366
2515,2022-11-20,0.6375643
2516,2022-11-21,0.97131324
2517,2022-11-22,0.829253
2518,2022-11-23,0.5949734
2519,2022-11-24,0.62067676
2520,2022-11-25,0.39087933
2521,2022-11-26,0.22839814
2522,2022-11-27,0.70976055
2523,2022-11-28,0.45325893
2524,2022-11-29,0.6039263
2525,2022-11-30,0.619036
2526,2022-12-01,0.23331524
2527,2022-12-02,0.16882849
2528,2022-12-03,0.25836626
2529,2022-12-04,0.12199831
2530,2022-12-05,0.15275401
2531,2022-12-06,0.215201
2532,2022-12-07,0.17999068
2533,2022-12-08,0.30107045
2534,2022-12-09,0.49773183
2535,2022-12-10,0.48826316
2536,2022-12-11,0.39662036
2537,2022-12-12,0.19711511
2538,2022-12-13,0.6084976
2539,2022-12-14,0.5370311
2540,2022-12-15,0.360513
2541,2022-12-16,0.09437517
2542,2022-12-17,0.22437936
2543,2022-12-18,0.27538216
2544,2022-12-19,0.243566
2545,2022-12-20,0.19387957
2546,2022-12-21,0.19608802
2547,2022-12-22,0.15743786
2548,2022-12-23,0.44251683
2549,2022-12-24,0.5887912
2550,2022-12-25,0.37138796
2551,2022-12-26,0.3779584
2552,2022-12-27,0.57136387
2553,2022-12-28,0.8312506
2554,2022-12-29,0.48399916
2555,2022-12-30,0.15943305
2556,2022-12-31,0.16326629
2557,2023-01-01,0.29622293
2558,2023-01-02,0.44791648
2559,2023-01-03,0.64687985
2560,2023-01-04,0.26061642
2561,2023-01-05,0.26745138
2562,2023-01-06,0.39192647
2563,2023-01-07,0.47519672
2564,2023-01-08,0.29314065
2565,2023-01-09,0.46229753
2566,2023-01-10,0.6214748
2567,2023-01-11,0.3441646
2568,2023-01-12,0.20709579
2569,2023-01-13,0.2597133
2570,2023-01-14,0.5852903
2571,2023-01-15,0.23866679
2572,2023-01-16,0.14572082
2573,2023-01-17,0.5764909
2574,2023-01-18,0.413
2575,2023-01-19,0.22635709
2576,2023-01-20,0.2570114
2577,2023-01-21,0.5097302
2578,2023-01-22,1.0496275
2579,2023-01-23,1.081423
2580,2023-01-24,0.5130993
2581,2023-01-25,0.47522125
2582,2023-01-26,0.53421885
2583,2023-01-27,0.3569268
2584,2023-01-28,0.3082771
2585,2023-01-29,0.2791561
2586,2023-01-30,0.24000363
2587,2023-01-31,0.24409483
2588,2023-02-01,0.4166589
2589,2023-02-02,0.9582054
2590,2023-02-03,0.47942019
2591,2023-02-04,0.24421391
2592,2023-02-05,0.43799385
2593,2023-02-06,0.83018947
2594,2023-02-07,0.33100918
2595,2023-02-08,0.8595182
2596,2023-02-09,0.625238
2597,2023-02-10,0.47025645
2598,2023-02-11,0.33542156
2599,2023-02-12,0.22963905
2600,2023-02-13,0.3910057
2601,2023-02-14,0.47229856
2602,2023-02-15,1.1642753
2603,2023-02-16,1.1895264
2604,2023-02-17,0.70364296
2605,2023-02-18,0.33628213
2606,2023-02-19,0.6554681
2607,2023-02-20,0.63674074
2608,2023-02-21,0.8246362
2609,2023-02-22,0.9210766
2610,2023-02-23,0.6130306
2611,2023-02-24,0.5137101
2612,2023-02-25,0.2136068
2613,2023-02-26,0.20152423
2614,2023-02-27,0.16257422
2615,2023-02-28,0.20484495
2616,2023-03-01,0.56840163
2617,2023-03-02,1.0163049
2618,2023-03-03,0.8306858
2619,2023-03-04,0.60606027
2620,2023-03-05,0.46526483
2621,2023-03-06,0.81628567
2622,2023-03-07,0.6268597
2623,2023-03-08,0.6552564
2624,2023-03-09,0.9014044
2625,2023-03-10,1.0463371
2626,2023-03-11,0.70195913
2627,2023-03-12,0.85768545
2628,2023-03-13,0.98104304
2629,2023-03-14,0.9187933
2630,2023-03-15,1.1249048
2631,2023-03-16,1.20623
2632,2023-03-17,1.0753374
2633,2023-03-18,1.263481
2634,2023-03-19,1.2751362
2635,2023-03-20,0.97229654
2636,2023-03-21,0.8335303
2637,2023-03-22,0.6398134
2638,2023-03-23,0.5789859
2639,2023-03-24,0.4063332
2640,2023-03-25,0.81184644
2641,2023-03-26,0.9936795
2642,2023-03-27,1.1823776
2643,2023-03-28,0.6438533
2644,2023-03-29,0.6971903
2645,2023-03-30,0.7901481
2646,2023-03-31,0.70398533
2647,2023-04-01,1.0403143
2648,2023-04-02,1.6183374
2649,2023-04-03,1.1611701
2650,2023-04-04,0.5774694
2651,2023-04-05,0.65452707
2652,2023-04-06,0.70863104
2653,2023-04-07,0.53485376
2654,2023-04-08,0.99155366
2655,2023-04-09,0.59518164
2656,2023-04-10,0.56042516
2657,2023-04-11,1.252641
2658,2023-04-12,1.2506957
2659,2023-04-13,0.73361623
2660,2023-04-14,0.65457153
2661,2023-04-15,0.88465464
2662,2023-04-16,0.99584717
2663,2023-04-17,0.48958358
2664,2023-04-18,0.98519593
2665,2023-04-19,0.3858476
2666,2023-04-20,0.37075245
2667,2023-04-21,0.19039728
2668,2023-04-22,0.2672278
2669,2023-04-23,0.32821146
2670,2023-04-24,0.4155872
2671,2023-04-25,0.37009454
2672,2023-04-26,0.25027117
2673,2023-04-27,0.6361002
2674,2023-04-28,1.3443094
2675,2023-04-29,0.7358359
2676,2023-04-30,0.56963325
2677,2023-05-01,0.33040416
2678,2023-05-02,0.47036824
2679,2023-05-03,0.47709656
2680,2023-05-04,0.36756846
2681,2023-05-05,0.79382193
2682,2023-05-06,0.56283414
2683,2023-05-07,0.32455766
2684,2023-05-08,0.34222877
2685,2023-05-09,0.72084504
2686,2023-05-10,0.7675505
2687,2023-05-11,1.1122382
2688,2023-05-12,1.0003933
2689,2023-05-13,0.75520784
2690,2023-05-14,0.73205745
2691,2023-05-15,0.65064055
2692,2023-05-16,0.54118603
2693,2023-05-17,0.3485081
2694,2023-05-18,0.18697323
2695,2023-05-19,0.19484201
2696,2023-05-20,0.4021137
2697,2023-05-21,0.6592167
2698,2023-05-22,0.8577299
2699,2023-05-23,1.0547589
2700,2023-05-24,0.71264267
2701,2023-05-25,0.5794162
2702,2023-05-26,0.51608807
2703,2023-05-27,0.7645746
2704,2023-05-28,0.65320504
2705,2023-05-29,0.32558545
2706,2023-05-30,0.34798065
2707,2023-05-31,0.38074547
2708,2023-06-01,0.47833815
2709,2023-06-02,0.96242845
2710,2023-06-03,1.0973305
2711,2023-06-04,0.63606596
2712,2023-06-05,0.6155856
2713,2023-06-06,1.0152903
2714,2023-06-07,0.8451709
2715,2023-06-08,0.87429446
2716,2023-06-09,0.78173244
2717,2023-06-10,0.7599786
2718,2023-06-11,0.8088643
2719,2023-06-12,0.7710867
2720,2023-06-13,0.7105428
2721,2023-06-14,0.50711876
2722,2023-06-15,0.29511684
2723,2023-06-16,0.50340176
2724,2023-06-17,0.6047799
2725,2023-06-18,0.60835946
2726,2023-06-19,0.36093506
2727,2023-06-20,0.28411773
2728,2023-06-21,0.34305656
2729,2023-06-22,0.47373286
2730,2023-06-23,0.7915908
2731,2023-06-24,0.57085806
2732,2023-06-25,0.34203207
2733,2023-06-26,0.79228646
2734,2023-06-27,0.8349258
2735,2023-06-28,0.41002566
2736,2023-06-29,0.69819504
2737,2023-06-30,1.1594663
2738,2023-07-01,1.4589502
2739,2023-07-02,1.675729
2740,2023-07-03,1.5450611
2741,2023-07-04,0.88924134
2742,2023-07-05,0.6323595
2743,2023-07-06,0.5417398
2744,2023-07-07,0.6766681
2745,2023-07-08,0.6542589
2746,2023-07-09,0.7585535
2747,2023-07-10,0.7189926
2748,2023-07-11,0.45378363
2749,2023-07-12,0.36590227
2750,2023-07-13,0.50209975
2751,2023-07-14,0.16482635
2752,2023-07-15,0.13920026
2753,2023-07-16,0.16271102
2754,2023-07-17,0.26780635
2755,2023-07-18,0.14646268
2756,2023-07-19,0.22067946
2757,2023-07-20,0.3322008
2758,2023-07-21,0.20997138
2759,2023-07-22,0.19360419
2760,2023-07-23,0.23408723
2761,2023-07-24,0.19351256
2762,2023-07-25,0.15312499
2763,2023-07-26,0.36234468
2764,2023-07-27,0.24528594
2765,2023-07-28,0.22059496
2766,2023-07-29,0.23793548
2767,2023-07-30,0.37417445
2768,2023-07-31,0.47556016
2769,2023-08-01,0.4379413
2770,2023-08-02,0.43041947
2771,2023-08-03,0.64855796
2772,2023-08-04,0.25299063
2773,2023-08-05,0.4384528
2774,2023-08-06,0.46254835
2775,2023-08-07,0.3082813
2776,2023-08-08,0.38796052
2777,2023-08-09,0.6144211
2778,2023-08-10,0.53753585
2779,2023-08-11,0.21718144
2780,2023-08-12,0.2990942
2781,2023-08-13,0.22409762
2782,2023-08-14,0.16877297
2783,2023-08-15,0.17232388
2784,2023-08-16,0.23308897
2785,2023-08-17,0.22414707
2786,2023-08-18,0.17526686
2787,2023-08-19,0.29924047
2788,2023-08-20,0.37704185
2789,2023-08-21,0.3006647
2790,2023-08-22,0.3201928
2791,2023-08-23,0.27659065
2792,2023-08-24,0.33017462
2793,2023-08-25,0.22415893
2794,2023-08-26,0.22452073
2795,2023-08-27,0.12676758
2796,2023-08-28,0.073697165
2797,2023-08-29,0.2948514
2798,2023-08-30,0.11855487
2799,2023-08-31,0.15065542
2800,2023-09-01,0.22574365
2801,2023-09-02,0.15913601
2802,2023-09-03,0.31472147
2803,2023-09-04,0.6584551
2804,2023-09-05,0.5356596
2805,2023-09-06,0.43406573
2806,2023-09-07,0.443198
2807,2023-09-08,0.26856327
2808,2023-09-09,0.3926765
2809,2023-09-10,0.54710805
2810,2023-09-11,0.33223724
2811,2023-09-12,0.24869606
2812,2023-09-13,0.21193565
2813,2023-09-14,0.5471347
2814,2023-09-15,0.37830105
2815,2023-09-16,0.5214016
2816,2023-09-17,0.5904044
2817,2023-09-18,0.3757712
2818,2023-09-19,0.4674791
2819,2023-09-20,0.76324975
2820,2023-09-21,0.7581886
2821,2023-09-22,0.5130835
2822,2023-09-23,0.3480405
2823,2023-09-24,0.28775293
2824,2023-09-25,0.29672056
2825,2023-09-26,0.10560134
2826,2023-09-27,0.13627392
2827,2023-09-28,0.29468745
2828,2023-09-29,0.6006001
2829,2023-09-30,0.43089074
2830,2023-10-01,0.20592171
2831,2023-10-02,0.30759206
2832,2023-10-03,0.7105876
2833,2023-10-04,0.35218525
2834,2023-10-05,0.18487044
2835,2023-10-06,0.4204803
2836,2023-10-07,0.93211323
2837,2023-10-08,0.46829805
2838,2023-10-09,0.98645616
2839,2023-10-10,0.5217098
2840,2023-10-11,0.3048446
2841,2023-10-12,0.41477916
2842,2023-10-13,0.6154257
2843,2023-10-14,0.3752208
2844,2023-10-15,0.1900006
2845,2023-10-16,0.3171785
2846,2023-10-17,0.1595436
2847,2023-10-18,0.2688521
2848,2023-10-19,0.13193327
2849,2023-10-20,0.12989254
2850,2023-10-21,0.087743394
2851,2023-10-22,0.25121236
2852,2023-10-23,0.2934458
2853,2023-10-24,0.26976612
2854,2023-10-25,0.16099957
2855,2023-10-26,0.3210345
2856,2023-10-27,0.3850416
2857,2023-10-28,0.84531265
2858,2023-10-29,0.6409451
2859,2023-10-30,0.6109584
2860,2023-10-31,0.5311776
2861,2023-11-01,0.5114215
2862,2023-11-02,0.4004685
2863,2023-11-03,0.45611343
2864,2023-11-04,0.60505456
2865,2023-11-05,0.27906188
2866,2023-11-06,0.35487399
2867,2023-11-07,0.45268464
2868,2023-11-08,0.8152727
2869,2023-11-09,0.4441359
2870,2023-11-10,0.5336036
2871,2023-11-11,0.61928767
2872,2023-11-12,0.62118775
2873,2023-11-13,0.3768963
2874,2023-11-14,0.5906721
2875,2023-11-15,0.83578426
2876,2023-11-16,0.56939894
2877,2023-11-17,0.43876213
2878,2023-11-18,0.50469685
2879,2023-11-19,0.28660995
2880,2023-11-20,0.35985625
2881,2023-11-21,0.2452557
2882,2023-11-22,0.5095208
2883,2023-11-23,0.40215626
2884,2023-11-24,0.26256165
2885,2023-11-25,0.1912178
2886,2023-11-26,0.22227247
2887,2023-11-27,0.24637334
2888,2023-11-28,0.19239648
2889,2023-11-29,0.42901954
2890,2023-11-30,0.5231245
2891,2023-12-01,0.37298778
2892,2023-12-02,0.31809396
2893,2023-12-03,0.53815794
2894,2023-12-04,0.53447866
2895,2023-12-05,0.48370922
2896,2023-12-06,0.21418293
2897,2023-12-07,0.38360554
2898,2023-12-08,0.49645117
2899,2023-12-09,0.1845424
2900,2023-12-10,0.26356247
2901,2023-12-11,0.15772276
2902,2023-12-12,0.094053835
2903,2023-12-13,0.28213367
2904,2023-12-14,0.39879987
2905,2023-12-15,0.56005305
2906,2023-12-16,0.4824518
2907,2023-12-17,0.5889435
2908,2023-12-18,0.49979013
2909,2023-12-19,0.10234941
2910,2023-12-20,0.0325888
2911,2023-12-21,0.03922188
2912,2023-12-22,0.21926378
2913,2023-12-23,0.24105339
2914,2023-12-24,0.4512149
2915,2023-12-25,0.27870527
2916,2023-12-26,0.30070302
2917,2023-12-27,0.35321906
2918,2023-12-28,0.5419225
2919,2023-12-29,0.79799885
2920,2023-12-30,0.63653475
2921,2023-12-31,0.21266624
2922,2024-01-01,0.44167575
2923,2024-01-02,0.3166285
2924,2024-01-03,0.23546219
2925,2024-01-04,0.23839852
2926,2024-01-05,0.19971153
2927,2024-01-06,0.10984756
2928,2024-01-07,0.0886535
2929,2024-01-08,0.2226216
2930,2024-01-09,0.4482779
2931,2024-01-10,0.3433294
2932,2024-01-11,0.51235956
2933,2024-01-12,0.38809904
2934,2024-01-13,0.8239086
2935,2024-01-14,0.3373636
2936,2024-01-15,0.23036063
2937,2024-01-16,0.24180877
2938,2024-01-17,0.31897634
2939,2024-01-18,0.19447398
2940,2024-01-19,0.15366721
2941,2024-01-20,0.49983472
2942,2024-01-21,0.13263981
2943,2024-01-22,0.22884619
2944,2024-01-23,0.85817474
2945,2024-01-24,1.0642487
2946,2024-01-25,0.7400931
2947,2024-01-26,0.3086807
2948,2024-01-27,0.5919552
2949,2024-01-28,0.6502517
2950,2024-01-29,0.31446725
2951,2024-01-30,1.294308
2952,2024-01-31,0.8399218
2953,2024-02-01,0.5858083
2954,2024-02-02,0.8390666
2955,2024-02-03,0.4485821
2956,2024-02-04,1.1275579
2957,2024-02-05,1.0784937
2958,2024-02-06,0.39146098
2959,2024-02-07,0.4330484
2960,2024-02-08,0.9779154
2961,2024-02-09,0.5999356
2962,2024-02-10,0.53568494
2963,2024-02-11,0.68518275
2964,2024-02-12,0.7180381
2965,2024-02-13,0.59051687
2966,2024-02-14,0.8868679
2967,2024-02-15,0.5272711
2968,2024-02-16,0.3579403
2969,2024-02-17,0.21313217
2970,2024-02-18,0.4768631
2971,2024-02-19,0.3806502
2972,2024-02-20,0.31268087
2973,2024-02-21,0.48659047
2974,2024-02-22,0.47517204
2975,2024-02-23,0.39453676
2976,2024-02-24,0.35258
2977,2024-02-25,0.4764271
2978,2024-02-26,0.58298105
2979,2024-02-27,0.5491111
2980,2024-02-28,0.27089843
2981,2024-02-29,0.6247789
2982,2024-03-01,0.7869743
2983,2024-03-02,0.76916695
2984,2024-03-03,1.2858994
2985,2024-03-04,1.5369877
2986,2024-03-05,1.5915036
2987,2024-03-06,1.0183171
2988,2024-03-07,0.4697627
2989,2024-03-08,0.5099325
2990,2024-03-09,1.1004641
2991,2024-03-10,1.2271752
2992,2024-03-11,0.8700693
2993,2024-03-12,0.6887524
2994,2024-03-13,0.5136958
2995,2024-03-14,0.42277443
2996,2024-03-15,0.52709717
2997,2024-03-16,0.7459067
2998,2024-03-17,1.4642675
2999,2024-03-18,0.74562395
3000,2024-03-19,0.55858904
3001,2024-03-20,0.6637263
3002,2024-03-21,0.49326843
3003,2024-03-22,0.9213892
3004,2024-03-23,0.49398765
3005,2024-03-24,0.26840612
3006,2024-03-25,0.7982684
3007,2024-03-26,1.2012603
3008,2024-03-27,0.7456604
3009,2024-03-28,0.60586756
3010,2024-03-29,0.9882554
3011,2024-03-30,0.5205036
3012,2024-03-31,0.3819301
3013,2024-04-01,0.12642023
3014,2024-04-02,0.29582337
3015,2024-04-03,0.4817104
3016,2024-04-04,0.64069766
3017,2024-04-05,0.39356998
3018,2024-04-06,0.43468168
3019,2024-04-07,0.52890086
3020,2024-04-08,0.65899616
3021,2024-04-09,0.68050164
3022,2024-04-10,0.86144006
3023,2024-04-11,0.51186955
3024,2024-04-12,0.98395437
3025,2024-04-13,0.53024673
3026,2024-04-14,0.3211518
3027,2024-04-15,0.5682394
3028,2024-04-16,0.31703562
3029,2024-04-17,0.40043566
3030,2024-04-18,0.4173304
3031,2024-04-19,0.41561475
3032,2024-04-20,0.3195016
3033,2024-04-21,0.7033402
3034,2024-04-22,0.3961524
3035,2024-04-23,0.53979826
3036,2024-04-24,0.9149711
3037,2024-04-25,1.0438676
3038,2024-04-26,0.6255217
3039,2024-04-27,0.67827356
3040,2024-04-28,0.63232464
3041,2024-04-29,0.9346811
3042,2024-04-30,0.6568588
3043,2024-05-01,0.5202797
3044,2024-05-02,0.7289265
3045,2024-05-03,0.8768491
3046,2024-05-04,0.6723913
3047,2024-05-05,0.6113324
3048,2024-05-06,0.44946486
3049,2024-05-07,0.28739578
3050,2024-05-08,0.15614276
3051,2024-05-09,0.42807683
3052,2024-05-10,0.6006101
3053,2024-05-11,0.66297626
3054,2024-05-12,0.9239826
3055,2024-05-13,1.3172933
3056,2024-05-14,0.7512284
3057,2024-05-15,0.3044587
3058,2024-05-16,0.33116418
3059,2024-05-17,0.41837427
3060,2024-05-18,0.24538113
3061,2024-05-19,0.3584872
3062,2024-05-20,0.19437423
3063,2024-05-21,0.21106409
3064,2024-05-22,0.39158836
3065,2024-05-23,0.6965465
3066,2024-05-24,0.5690038
3067,2024-05-25,0.4641361
3068,2024-05-26,0.67703694
3069,2024-05-27,0.66603833
3070,2024-05-28,0.5670467
3071,2024-05-29,0.34386727
3072,2024-05-30,0.33016273
3073,2024-05-31,0.32923558
3074,2024-06-01,0.89909965
3075,2024-06-02,1.0405858
3076,2024-06-03,0.74978983
3077,2024-06-04,0.5658737
3078,2024-06-05,0.66141784
3079,2024-06-06,0.53276247
3080,2024-06-07,0.5894624
3081,2024-06-08,0.55249494
3082,2024-06-09,0.48038
3083,2024-06-10,0.48661023
3084,2024-06-11,0.6731716
3085,2024-06-12,1.1622962
3086,2024-06-13,0.66780275
3087,2024-06-14,0.3490809
3088,2024-06-15,0.2482526
3089,2024-06-16,0.42544666
3090,2024-06-17,0.24889399
3091,2024-06-18,0.27672848
3092,2024-06-19,0.36555746
3093,2024-06-20,0.4542142
3094,2024-06-21,0.29177818
3095,2024-06-22,0.5332059
3096,2024-06-23,0.7145402
3097,2024-06-24,0.22448681
3098,2024-06-25,0.5471453
3099,2024-06-26,0.48412326
3100,2024-06-27,0.21616626
3101,2024-06-28,0.18995973
3102,2024-06-29,0.37230507
3103,2024-06-30,0.34666657
3104,2024-07-01,0.25325012
3105,2024-07-02,0.46957257
3106,2024-07-03,0.60820854
3107,2024-07-04,0.28991696
3108,2024-07-05,0.36513543
3109,2024-07-06,0.6506411
3110,2024-07-07,0.7671084
3111,2024-07-08,1.2521958
3112,2024-07-09,0.96580875
3113,2024-07-10,0.7258367
3114,2024-07-11,0.69883114
3115,2024-07-12,0.5389927
3116,2024-07-13,0.36225542
3117,2024-07-14,0.30294722
3118,2024-07-15,0.6334286
3119,2024-07-16,0.4719321
3120,2024-07-17,0.50873095
3121,2024-07-18,0.33819747
3122,2024-07-19,0.25983086
3123,2024-07-20,0.2973153
3124,2024-07-21,0.3448285
3125,2024-07-22,0.22582638
3126,2024-07-23,0.13110952
3127,2024-07-24,0.15002307
3128,2024-07-25,0.33347282
3129,2024-07-26,0.63144976
3130,2024-07-27,0.3130815
3131,2024-07-28,0.40662456
3132,2024-07-29,0.5252549
3133,2024-07-30,0.2665213
3134,2024-07-31,0.30052224
3135,2024-08-01,0.54863435
3136,2024-08-02,0.46759018
3137,2024-08-03,0.17766947
3138,2024-08-04,0.25374037
3139,2024-08-05,0.3026406
3140,2024-08-06,0.38228068
3141,2024-08-07,0.37145498
3142,2024-08-08,0.31697887
3143,2024-08-09,0.2698328
3144,2024-08-10,0.066049635
3145,2024-08-11,0.075314835
3146,2024-08-12,0.2580134
3147,2024-08-13,0.23277101
3148,2024-08-14,0.12393359
3149,2024-08-15,0.28499052
3150,2024-08-16,0.3670674
3151,2024-08-17,0.6544035
3152,2024-08-18,0.89345306
3153,2024-08-19,0.34855837
3154,2024-08-20,0.48675427
3155,2024-08-21,0.54219365
3156,2024-08-22,0.27169642
3157,2024-08-23,0.15869607
3158,2024-08-24,0.12181958
3159,2024-08-25,0.30608234
3160,2024-08-26,0.31737012
3161,2024-08-27,0.5470004
3162,2024-08-28,0.3484293
3163,2024-08-29,0.583495
3164,2024-08-30,0.584909
3165,2024-08-31,0.43447953
3166,2024-09-01,0.53367
3167,2024-09-02,0.3249467
3168,2024-09-03,0.26273844
3169,2024-09-04,0.117172554
3170,2024-09-05,0.048196714
3171,2024-09-06,0.108356394
3172,2024-09-07,0.19582208
3173,2024-09-08,0.30273923
3174,2024-09-09,0.28486872
3175,2024-09-10,0.1798195
3176,2024-09-11,0.22419009
3177,2024-09-12,0.15974756
3178,2024-09-13,0.08576409
3179,2024-09-14,0.026364477
3180,2024-09-15,0.038732704
3181,2024-09-16,0.02278396
3182,2024-09-17,0.029526068
3183,2024-09-18,0.24172208
3184,2024-09-19,0.5622805
3185,2024-09-20,0.43452314
3186,2024-09-21,0.23955446
3187,2024-09-22,0.24919233
3188,2024-09-23,0.21370322
3189,2024-09-24,0.26956424
3190,2024-09-25,0.1630597
3191,2024-09-26,0.19580817
3192,2024-09-27,0.18965831
3193,2024-09-28,0.45232016
3194,2024-09-29,0.9531992
3195,2024-09-30,0.89601207
3196,2024-10-01,0.6839794
3197,2024-10-02,0.29143965
3198,2024-10-03,0.37075925
3199,2024-10-04,0.58127046
3200,2024-10-05,0.43365234
3201,2024-10-06,0.6943135
3202,2024-10-07,0.83338386
3203,2024-10-08,0.6585326
3204,2024-10-09,0.30934477
3205,2024-10-10,0.20698445
3206,2024-10-11,0.20410639
3207,2024-10-12,0.14983954
3208,2024-10-13,0.14844987
3209,2024-10-14,0.19070357
3210,2024-10-15,0.2003905
3211,2024-10-16,0.30103615
3212,2024-10-17,0.36847672
3213,2024-10-18,0.21469195
3214,2024-10-19,0.07164291
3215,2024-10-20,0.058764007
3216,2024-10-21,0.11177972
3217,2024-10-22,0.30798477
3218,2024-10-23,0.32364315
3219,2024-10-24,0.7850965
3220,2024-10-25,0.36922726
3221,2024-10-26,0.19883059
3222,2024-10-27,0.24857906
3223,2024-10-28,0.23603132
3224,2024-10-29,0.21267435
3225,2024-10-30,0.1820283
3226,2024-10-31,0.20447847
3227,2024-11-01,0.27142963
3228,2024-11-02,0.3400538
3229,2024-11-03,0.59255713
3230,2024-11-04,0.27269572
3231,2024-11-05,0.17695422
3232,2024-11-06,0.25248334
3233,2024-11-07,0.3365679
3234,2024-11-08,0.24321026
3235,2024-11-09,0.2135261
3236,2024-11-10,0.1687682
3237,2024-11-11,0.15791233
3238,2024-11-12,0.4092095
3239,2024-11-13,0.51799166
3240,2024-11-14,0.27807674
3241,2024-11-15,0.2358459
3242,2024-11-16,0.3772387
3243,2024-11-17,0.45506334
3244,2024-11-18,0.8628136
3245,2024-11-19,0.40537092
3246,2024-11-20,0.38038018
3247,2024-11-21,0.48162028
3248,2024-11-22,0.2925244
3249,2024-11-23,0.4323435
3250,2024-11-24,0.64588773
3251,2024-11-25,0.49049976
3252,2024-11-26,0.39184752
3253,2024-11-27,0.20718944
3254,2024-11-28,0.13785
3255,2024-11-29,0.23997755
3256,2024-11-30,0.25816697
3257,2024-12-01,0.18597575
3258,2024-12-02,0.3674778
3259,2024-12-03,0.42627427
3260,2024-12-04,0.36453903
3261,2024-12-05,0.34312546
3262,2024-12-06,0.15173751
3263,2024-12-07,0.32055905
3264,2024-12-08,0.17223428
3265,2024-12-09,0.2844948
3266,2024-12-10,0.12521029
3267,2024-12-11,0.066941224
3268,2024-12-12,0.18343304
3269,2024-12-13,0.34459025
3270,2024-12-14,0.4002169
3271,2024-12-15,0.32540554
3272,2024-12-16,0.31547523
3273,2024-12-17,0.62704253
3274,2024-12-18,0.48888233
3275,2024-12-19,0.19148295
3276,2024-12-20,0.2205643
3277,2024-12-21,0.111488566
3278,2024-12-22,0.22771373
3279,2024-12-23,0.31755972
3280,2024-12-24,0.42730656
3281,2024-12-25,0.38787627
3282,2024-12-26,0.23732844
3283,2024-12-27,0.48803696
3284,2024-12-28,0.26390463
3285,2024-12-29,0.36922693
3286,2024-12-30,0.48332793
3287,2024-12-31,0.28722152
3288,2025-01-01,0.5876536
3289,2025-01-02,0.51355094
3290,2025-01-03,0.29085606
3291,2025-01-04,0.21037154
3292,2025-01-05,0.26728466
3293,2025-01-06,0.24064228
3294,2025-01-07,0.46656078
3295,2025-01-08,0.36522546
3296,2025-01-09,0.48802564
3297,2025-01-10,0.35606477
3298,2025-01-11,0.42947534
3299,2025-01-12,0.6883002
3300,2025-01-13,0.7402942
3301,2025-01-14,0.42536765
3302,2025-01-15,0.61108935
3303,2025-01-16,0.82103324
3304,2025-01-17,0.48529637
3305,2025-01-18,0.80333966
3306,2025-01-19,0.22641216
3307,2025-01-20,0.34888768
3308,2025-01-21,0.5913398
3309,2025-01-22,0.4180253
3310,2025-01-23,0.44962072
3311,2025-01-24,0.5827661
3312,2025-01-25,0.44449812
3313,2025-01-26,0.360693
3314,2025-01-27,0.6266569
3315,2025-01-28,0.77186555
3316,2025-01-29,0.58376664
3317,2025-01-30,0.27948555
3318,2025-01-31,0.17732777
3319,2025-02-01,0.27306524
3320,2025-02-02,0.33527923
3321,2025-02-03,0.3668945
3322,2025-02-04,0.6470722
3323,2025-02-05,0.5361181
3324,2025-02-06,0.3008518
3325,2025-02-07,0.40639862
3326,2025-02-08,0.36355406
3327,2025-02-09,0.3281405
3328,2025-02-10,0.41735855
3329,2025-02-11,0.7172585
3330,2025-02-12,0.7872084
3331,2025-02-13,0.62181693
3332,2025-02-14,0.7403
3333,2025-02-15,0.69655126
3334,2025-02-16,1.4522856
3335,2025-02-17,0.8268631
3336,2025-02-18,0.19250816
3337,2025-02-19,0.7248105
3338,2025-02-20,0.86749065
3339,2025-02-21,0.32593334
3340,2025-02-22,0.42207432
3341,2025-02-23,0.9764912
3342,2025-02-24,1.0381762
3343,2025-02-25,0.41886744
3344,2025-02-26,0.8243216
3345,2025-02-27,0.5177966
3346,2025-02-28,0.5769304
3347,2025-03-01,0.6527218
3348,2025-03-02,0.37043613
3349,2025-03-03,0.55683243
3350,2025-03-04,0.7403257
3351,2025-03-05,0.6853297
3352,2025-03-06,0.24807815
3353,2025-03-07,0.2562157
3354,2025-03-08,0.66580135
3355,2025-03-09,0.7385717
3356,2025-03-10,0.51292795
3357,2025-03-11,0.62725925
3358,2025-03-12,1.294324
3359,2025-03-13,0.75498325
3360,2025-03-14,0.56197757
3361,2025-03-15,0.9666413
3362,2025-03-16,0.46258292
3363,2025-03-17,0.48273224
3364,2025-03-18,0.5664125
3365,2025-03-19,0.6093207
3366,2025-03-20,0.9452041
3367,2025-03-21,0.8810183
3368,2025-03-22,0.7158625
3369,2025-03-23,0.62286186
3370,2025-03-24,0.3262706
3371,2025-03-25,0.30364773
3372,2025-03-26,0.24759369
3373,2025-03-27,0.33191183
3374,2025-03-28,0.320279
3375,2025-03-29,0.7729084
3376,2025-03-30,0.8216502
3377,2025-03-31,0.725405
3378,2025-04-01,1.0138266
3379,2025-04-02,0.8444901
3380,2025-04-03,0.91046506
3381,2025-04-04,0.8930791
3382,2025-04-05,0.814454
3383,2025-04-06,1.127093
3384,2025-04-07,0.87524873
3385,2025-04-08,0.4528266
3386,2025-04-09,0.4339577
3387,2025-04-10,0.79172146
3388,2025-04-11,1.05069
3389,2025-04-12,0.7986595
3390,2025-04-13,0.6173268
3391,2025-04-14,0.41560596
3392,2025-04-15,0.43845582
3393,2025-04-16,0.520818
3394,2025-04-17,0.42606828
3395,2025-04-18,0.33000657
3396,2025-04-19,0.23812783
3397,2025-04-20,0.5814985
3398,2025-04-21,0.5749777
3399,2025-04-22,0.4243337
3400,2025-04-23,0.40181944
3401,2025-04-24,0.52956843
3402,2025-04-25,0.62371355
3403,2025-04-26,0.39112097
3404,2025-04-27,0.5074198
3405,2025-04-28,0.45946696
3406,2025-04-29,0.32443422
3407,2025-04-30,0.23432794
3408,2025-05-01,0.23675013
3409,2025-05-02,0.22182922
3410,2025-05-03,0.43223038
3411,2025-05-04,0.69313395
3412,2025-05-05,1.2131273
3413,2025-05-06,0.58323693
3414,2025-05-07,0.23572159
3415,2025-05-08,0.2264328
3416,2025-05-09,0.44481945
3417,2025-05-10,0.28423357
3418,2025-05-11,0.22514333
3419,2025-05-12,0.18003613
3420,2025-05-13,0.16978694
3421,2025-05-14,0.15502344
3422,2025-05-15,0.31891304
3423,2025-05-16,0.39666998
3424,2025-05-17,0.4904268
3425,2025-05-18,0.2683387
3426,2025-05-19,0.23383974
3427,2025-05-20,0.3988989
3428,2025-05-21,0.38176695
3429,2025-05-22,0.5769423
3430,2025-05-23,0.49659097
3431,2025-05-24,0.28384003
3432,2025-05-25,0.30693308
3433,2025-05-26,0.3281825
3434,2025-05-27,0.5207821
3435,2025-05-28,0.25153026
3436,2025-05-29,0.42732856
3437,2025-05-30,0.50434625
3438,2025-05-31,0.65139216
3439,2025-06-01,0.49098265
3440,2025-06-02,0.2132208
3441,2025-06-03,0.4794158
3442,2025-06-04,0.21293971
3443,2025-06-05,0.29469904
3444,2025-06-06,0.523527
3445,2025-06-07,0.9184007
3446,2025-06-08,0.831172
3447,2025-06-09,0.90732455
3448,2025-06-10,0.8445687
3449,2025-06-11,0.7269719
3450,2025-06-12,0.4621209
3451,2025-06-13,0.27185908
3452,2025-06-14,0.20194161
3453,2025-06-15,0.15197548
3454,2025-06-16,0.35503674
3455,2025-06-17,0.16307364
3456,2025-06-18,0.22746065
3457,2025-06-19,0.28356615
3458,2025-06-20,0.22008434
3459,2025-06-21,0.2797157
3460,2025-06-22,0.19411002
3461,2025-06-23,0.46948966
3462,2025-06-24,0.95959944
3463,2025-06-25,0.9315224
3464,2025-06-26,0.49977493
3465,2025-06-27,0.58624876
3466,2025-06-28,0.5040945
3467,2025-06-29,0.40725034
3468,2025-06-30,0.43578628
3469,2025-07-01,0.5853839
3470,2025-07-02,0.5029721
3471,2025-07-03,0.45677692
3472,2025-07-04,0.3612244
3473,2025-07-05,0.32295707
3474,2025-07-06,0.5000417
3475,2025-07-07,0.6338211
3476,2025-07-08,0.7920477
3477,2025-07-09,0.47232297
3478,2025-07-10,0.57071745
3479,2025-07-11,0.25342992
3480,2025-07-12,0.30415085
3481,2025-07-13,0.27259842
3482,2025-07-14,0.34506437
3483,2025-07-15,0.56809413
3484,2025-07-16,0.51555043
3485,2025-07-17,0.37635675
3486,2025-07-18,0.24838813
3487,2025-07-19,0.11137414
3488,2025-07-20,0.10818958
3489,2025-07-21,0.04289578
3490,2025-07-22,0.1536594
3491,2025-07-23,0.19636954
3492,2025-07-24,0.13461266
3493,2025-07-25,0.2957978
3494,2025-07-26,0.34282628
3495,2025-07-27,0.29388365
3496,2025-07-28,0.19878377
3497,2025-07-29,0.3011702
3498,2025-07-30,0.28450638
3499,2025-07-31,0.2601871
3500,2025-08-01,0.32516748
3501,2025-08-02,0.4679909
3502,2025-08-03,0.3009632
3503,2025-08-04,0.41155526
3504,2025-08-05,0.4517934
3505,2025-08-06,0.47335285
3506,2025-08-07,0.689601
3507,2025-08-08,0.30606106
3508,2025-08-09,0.46698943
3509,2025-08-10,0.41888
3510,2025-08-11,0.21850091
3511,2025-08-12,0.35731596
3512,2025-08-13,0.50737464
3513,2025-08-14,0.4551524
3514,2025-08-15,0.3403637
3515,2025-08-16,0.43365273
3516,2025-08-17,0.6495009
3517,2025-08-18,0.65419954
3518,2025-08-19,0.38937235
3519,2025-08-20,0.40159842
3520,2025-08-21,0.46209455
3521,2025-08-22,0.5116348
3522,2025-08-23,0.46940273
3523,2025-08-24,0.20166318
3524,2025-08-25,0.093409166
3525,2025-08-26,0.022697007
3526,2025-08-27,0.09126991
3527,2025-08-28,0.3789639
3528,2025-08-29,0.49287686
3529,2025-08-30,0.93921167
3530,2025-08-31,0.5912619
3531,2025-09-01,0.62440246
3532,2025-09-02,0.43018982
3533,2025-09-03,0.3423694
3534,2025-09-04,0.5204898
3535,2025-09-05,0.1536846
3536,2025-09-06,0.14726175
3537,2025-09-07,0.33106467
3538,2025-09-08,0.5552586
3539,2025-09-09,0.4351823
3540,2025-09-10,0.3869774
3541,2025-09-11,0.4758061
3542,2025-09-12,0.34663418
3543,2025-09-13,0.3447963
3544,2025-09-14,0.26898396
3545,2025-09-15,0.43862078
3546,2025-09-16,0.55847883
3547,2025-09-17,0.6077647
3548,2025-09-18,0.78139573
3549,2025-09-19,0.26736242
3550,2025-09-20,0.20400608
3551,2025-09-21,0.3330839
3552,2025-09-22,0.27077606
3553,2025-09-23,0.4211605
3554,2025-09-24,0.5252333
3555,2025-09-25,0.3046218
3556,2025-09-26,0.3693698
3557,2025-09-27,0.49338308
3558,2025-09-28,0.40763333
3559,2025-09-29,0.44440457
3560,2025-09-30,0.24045697
